acc_x, acc_y, angular_z, stamp, 
-0.01050269603729248, 0.017678022384643555, 2.1959193385346477e-06, 1727991297218069817
0.005764007568359375, 0.00350344181060791, 5.300059743966102e-11, 1727991297247793803
0.029061436653137207, 0.010767102241516113, 2.6556847694219054e-06, 1727991297270238285
-0.014300763607025146, 0.001864790916442871, 1.2250354567506614e-10, 1727991297298489696
-0.0018968582153320312, -0.0017279386520385742, 2.1903669187572472e-10, 1727991297328263355
0.005054473876953125, -0.028581976890563965, 3.063884499152774e-10, 1727991297357838077
-0.029139816761016846, 0.032517969608306885, 1.9807106751552897e-06, 1727991297387935812
0.017648041248321533, 0.016003847122192383, 2.7986756921431156e-10, 1727991297417844683
-0.01286083459854126, 0.008431434631347656, 1.704793295375185e-10, 1727991297447863767
0.023088395595550537, -0.013445079326629639, 1.019478691837093e-10, 1727991297479263267
-0.04147082567214966, -0.00448918342590332, 6.450919829981171e-11, 1727991297510834393
0.010747075080871582, 0.002556145191192627, 4.466281211073932e-11, 1727991297538001490
0.017844855785369873, 0.0005505681037902832, 2.0435959622145444e-11, 1727991297567901265
0.03385293483734131, 0.007471024990081787, 8.952790513509358e-12, 1727991297597923720
0.0012868642807006836, -0.014364361763000488, -4.145321471375876e-11, 1727991297627927482
-0.0006523728370666504, 0.02128922939300537, -9.039076882744884e-11, 1727991297657928316
0.01359790563583374, 0.012073040008544922, -1.9852835114662322e-06, 1727991297687953765
-0.025987446308135986, 0.006471514701843262, -2.023530035207753e-10, 1727991297719107736
0.0010344386100769043, -0.01348179578781128, -2.1840404005436758e-10, 1727991297750850561
-0.043762147426605225, -0.013635218143463135, -2.1871493155635154e-06, 1727991297778105909
-0.002185523509979248, 0.0005856752395629883, -1.657492942482029e-10, 1727991297808024561
0.014206230640411377, 0.012954950332641602, -7.616876129562398e-11, 1727991297837954169
-0.010766386985778809, -0.017882347106933594, -3.4968569555105804e-11, 1727991297867998234
-0.01057368516921997, -0.014260947704315186, -1.9880930995898904e-06, 1727991297897978229
-0.006651520729064941, 0.0037882328033447266, 1.3999358019729278e-10, 1727991297928019686
0.018791377544403076, -0.014149844646453857, 2.529548903134951e-10, 1727991297958859922
-0.020630180835723877, -0.0050318241119384766, 2.4228270335955766e-10, 1727991297991520918
-0.00253140926361084, 0.00043088197708129883, 2.7059842518639134e-10, 1727991298018068669
-0.01140660047531128, -0.004858672618865967, 2.2226612305207334e-10, 1727991298047991649
-0.014698445796966553, 0.02212810516357422, 2.602115107070576e-10, 1727991298078022634
0.03583008050918579, 0.002422034740447998, 2.8678290676482125e-10, 1727991298108028352
-0.017994940280914307, 0.03469616174697876, 2.803384263602179e-10, 1727991298138103282
0.018127083778381348, -0.010368049144744873, 3.356144958252941e-10, 1727991298168079358
-0.03387129306793213, 0.011273622512817383, 3.2182591202168416e-10, 1727991298198905672
0.0059005022048950195, 0.004053473472595215, -1.863201160369571e-06, 1727991298230890511
-0.015617966651916504, 0.00026410818099975586, 4.872390771107624e-10, 1727991298258120945
0.009585559368133545, 0.0037610530853271484, 4.746205011822038e-10, 1727991298288078128
0.0005829334259033203, -0.01773601770401001, 4.3911134376447774e-10, 1727991298318044054
-0.033305227756500244, 0.011130809783935547, 1.984603756972827e-06, 1727991298348082970
0.03161811828613281, 0.011099636554718018, 4.0651519508066847e-10, 1727991298378093676
0.0010489821434020996, 0.014507532119750977, 4.1931525500042906e-10, 1727991298407155875
0.004550278186798096, -0.030474603176116943, 4.4620962688794326e-10, 1727991298439794790
-0.008095204830169678, 0.02704322338104248, 3.8046639608428763e-10, 1727991298470914828
0.022295117378234863, 0.005428314208984375, 3.72867999283691e-10, 1727991298498381891
0.002165377140045166, -0.023293018341064453, -2.0668764561740625e-06, 1727991298527215945
-0.0035154223442077637, -0.0017833709716796875, 1.8112999566166658e-10, 1727991298557178905
0.014111638069152832, -0.024959921836853027, 8.313464945245592e-11, 1727991298587144178
-0.02023005485534668, 0.018257617950439453, 3.380948276964613e-11, 1727991298618135521
0.020937025547027588, -0.022979319095611572, 5.056002736691936e-13, 1727991298647163378
0.001007378101348877, -0.012094616889953613, -9.42828796788072e-12, 1727991298678943187
0.004411816596984863, -0.006647944450378418, -2.1351936841027647e-11, 1727991298711081780
-0.020675599575042725, 0.007766783237457275, -2.0793509977373324e-11, 1727991298738236499
-0.009597718715667725, 0.02756059169769287, -1.98859210894767e-06, 1727991298768209866
0.013865232467651367, -0.0013055801391601562, 8.56623270569203e-12, 1727991298798204844
-0.0075383782386779785, 0.00047403573989868164, 1.506063856658406e-11, 1727991298828206934
0.01046454906463623, 0.004121720790863037, 2.115797749549939e-11, 1727991298858222420
-0.00030094385147094727, 0.014990746974945068, 1.627924448056697e-11, 1727991298887236990
0.010477721691131592, 0.022174417972564697, 1.09156342509241e-11, 1727991298917940318
-0.021978914737701416, -0.015539884567260742, 3.457440731175879e-12, 1727991298951542436
0.06389731168746948, -0.017020046710968018, 0.0007582976139171511, 1727991298977324978
-0.6156700849533081, 0.4211058020591736, 0.04775329592177401, 1727991299007242699
-0.5113231539726257, 0.4713190197944641, 0.401511994699334, 1727991299038256707
-0.2153630256652832, 0.8460094332695007, 0.7894070207111327, 1727991299067258910
-0.21108967065811157, 0.04724496603012085, 0.9620448470734259, 1727991299097267590
-0.33410894870758057, -0.25576215982437134, 1.155459196673645, 1727991299127264158
-0.1585390567779541, 0.10898071527481079, 1.1535474780529467, 1727991299158927157
-0.09425961971282959, -0.07022303342819214, 1.1082046549559446, 1727991299189880932
0.15712684392929077, -0.07785981893539429, 1.1790198863721275, 1727991299218385273
0.17166876792907715, -0.18555140495300293, 1.080251518919901, 1727991299248301107
0.4240902066230774, -0.16062843799591064, 0.9783917441326332, 1727991299278300037
-0.26302284002304077, 0.1736878752708435, 0.9707348678488199, 1727991299308320623
-0.3515493869781494, 0.13835537433624268, 0.9676912958691767, 1727991299338369700
0.0784153938293457, -0.19560682773590088, 0.9806002766843568, 1727991299368361065
-0.04248017072677612, -0.014918804168701172, 0.9987617658515409, 1727991299399381715
0.03669852018356323, 0.22756755352020264, 0.9650147152694688, 1727991299430969954
0.01119011640548706, -0.003021240234375, 1.0960381632377478, 1727991299458382680
0.11995375156402588, -0.1854824423789978, 1.0257415829283612, 1727991299488364914
0.006000518798828125, -0.06328260898590088, 1.0330690579858897, 1727991299518404231
-0.05327862501144409, 0.07862842082977295, 1.0145205175514342, 1727991299548395384
0.1282373070716858, -0.0193672776222229, 0.9947848254673214, 1727991299578452189
-0.028012871742248535, -0.1988980770111084, 1.0216330812330947, 1727991299608437978
-0.07187759876251221, 0.005010724067687988, 1.0539021392336356, 1727991299638138863
0.1539401412010193, 0.0863802433013916, 0.9195525127145352, 1727991299671227860
0.15132898092269897, 0.14977121353149414, 1.1264271446834657, 1727991299698437986
-0.29318469762802124, -0.1528967022895813, 1.0433483013176335, 1727991299728414116
0.03609037399291992, -0.24294781684875488, 1.0411145746982873, 1727991299758436104
0.1210482120513916, -0.07734203338623047, 1.0344307363108263, 1727991299788445368
0.29289472103118896, 0.08582550287246704, 0.9735943997286599, 1727991299818466567
0.014477133750915527, 0.08456939458847046, 0.9547543703122648, 1727991299848648963
0.10281288623809814, -0.03669625520706177, 0.9282723833253381, 1727991299879204809
-0.5245938301086426, 0.01784980297088623, 0.9128187676412298, 1727991299911440110
0.3090178966522217, -0.0393754243850708, 1.1201648874656325, 1727991299938517203
0.11751657724380493, -0.00615161657333374, 1.0184786416213867, 1727991299968492258
0.07401615381240845, -0.2480173110961914, 1.0060089715950813, 1727991299998493477
-0.11662697792053223, -0.11965674161911011, 0.975811640694794, 1727991300028549807
-0.36267638206481934, -0.0437430739402771, 1.0251687828860057, 1727991300058563810
0.21272200345993042, -0.000295102596282959, 1.0109230009041799, 1727991300088823582
0.04037487506866455, -0.05000060796737671, 0.9887134130289983, 1727991300119539463
0.17655378580093384, -0.07789289951324463, 0.961933685622863, 1727991300151242194
-0.08408522605895996, 0.015838444232940674, 1.1368524027341025, 1727991300178653175
0.1350988745689392, 0.1189236044883728, 1.0338908269135243, 1727991300208547205
-0.13049685955047607, -0.07818078994750977, 1.0041637455036925, 1727991300238603125
0.06025421619415283, -0.190588116645813, 0.9813782733199294, 1727991300268537653
-0.24182748794555664, 0.0003476142883300781, 1.0243901011741074, 1727991300298557388
0.07241296768188477, 0.24447482824325562, 1.0362218783865937, 1727991300328617635
-0.49236923456192017, 0.04940807819366455, 1.0215310941741265, 1727991300359632342
0.16001534461975098, 0.06569540500640869, 1.0492625551513834, 1727991300390149910
-0.022512733936309814, -0.09394145011901855, 1.1307345523661507, 1727991300418709728
0.17873936891555786, 0.21616220474243164, 1.024848204452039, 1727991300448632520
0.1335524320602417, -0.12019705772399902, 0.9684286157898012, 1727991300478637910
0.25836455821990967, -0.010158240795135498, 0.9601965344460797, 1727991300508642995
-0.31728214025497437, -0.0698542594909668, 0.9653458469917894, 1727991300538644355
0.28514838218688965, 0.3670837879180908, 0.9442937867253678, 1727991300568789103
0.08388668298721313, -0.14295482635498047, 0.9899432247916357, 1727991300599201071
-0.23093122243881226, -0.0026688575744628906, 0.9577037484265226, 1727991300631104228
0.008577585220336914, 0.1962641477584839, 1.1050027749737996, 1727991300658781105
0.20724380016326904, -0.0170515775680542, 1.001885770164218, 1727991300688703490
0.3182561993598938, 0.2923594117164612, 1.0861070495988816, 1727991300718711896
-0.06188231706619263, -0.057080626487731934, 1.174303430627293, 1727991300748707127
-0.003414750099182129, 0.38400501012802124, 1.197181250632786, 1727991300778762821
0.18715322017669678, 0.3732667565345764, 1.2543231188087234, 1727991300808709644
0.2150871753692627, -0.42208313941955566, 1.4058783250969826, 1727991300838179275
0.05351579189300537, 0.3374673128128052, 1.3488020435500687, 1727991300871451055
0.07217180728912354, 0.955939531326294, 1.705102692773873, 1727991300898756293
0.09418714046478271, 0.2597666382789612, 1.6186544087018218, 1727991300928745621
-0.2054767608642578, -0.10303980112075806, 1.61410401889055, 1727991300958834915
-0.07334357500076294, -0.1250731348991394, 1.589759495270277, 1727991300989089289
-0.6246746778488159, -0.49712681770324707, 1.528295141986417, 1727991301018803250
-0.7770025134086609, -0.6162695288658142, 1.2641367651232007, 1727991301048797999
0.22434431314468384, 0.19419503211975098, 1.0291941174639592, 1727991301079257134
0.06499767303466797, -0.18406683206558228, 0.8484991422905135, 1727991301111014851
0.14039188623428345, -0.384110689163208, 0.8967485590806041, 1727991301138822120
-0.01787656545639038, 0.3679578900337219, 0.8704816540588848, 1727991301168841756
0.35332655906677246, 0.531560480594635, 0.9774737988710189, 1727991301198828942
0.10551410913467407, 0.07977354526519775, 1.004044411338846, 1727991301228894495
-0.38609570264816284, -0.370017409324646, 1.014298104999265, 1727991301258850419
0.20063257217407227, 0.1429237723350525, 1.0285233983878308, 1727991301288858020
-0.543135404586792, 0.17065083980560303, 1.0366792937733982, 1727991301319474718
0.1913509964942932, -0.08817046880722046, 1.0047823974221857, 1727991301351326534
-0.0654338002204895, 0.03951621055603027, 1.1407675899265726, 1727991301378957756
-0.048161089420318604, 0.06277447938919067, 1.0357843614357496, 1727991301408832381
0.04568278789520264, -0.0024907588958740234, 1.0647238952852398, 1727991301438861875
0.025205016136169434, 0.34803450107574463, 1.0712212591895813, 1727991301468874836
0.025190293788909912, -0.050682127475738525, 1.1038893020429168, 1727991301498898645
0.4421238899230957, 0.17198669910430908, 1.2179575143696282, 1727991301528939241
0.8244289755821228, 0.8862630724906921, 1.3433179318367012, 1727991301559120997
0.5530703067779541, 0.6785969138145447, 1.35571489583408, 1727991301591036294
0.09867304563522339, 0.2609344720840454, 1.5965970515671668, 1727991301618957954
-0.29190772771835327, 0.3983779549598694, 1.5355881930986945, 1727991301648918048
-0.15579193830490112, 0.5111634731292725, 1.5064474906682486, 1727991301679024443
-0.4351339340209961, -0.00520777702331543, 1.468701387074543, 1727991301708963348
-0.5340108871459961, 0.017333805561065674, 1.371182599262, 1727991301739241347
-0.8570138812065125, 0.5417554378509521, 1.215384391911992, 1727991301769048613
-0.17130333185195923, 0.07506120204925537, 1.1373971381017742, 1727991301799319221
-0.6060400009155273, -0.04417693614959717, 1.0156171244505183, 1727991301831457341
-0.625319242477417, -0.3619976043701172, 1.0910096603965744, 1727991301859086755
-0.13541018962860107, 0.49412524700164795, 0.9201102019282392, 1727991301889008859
-0.4492505192756653, -0.09920728206634521, 0.8050353965153924, 1727991301918972467
-0.16115063428878784, -0.6500841975212097, 0.7726447543673082, 1727991301948992033
0.22050154209136963, 0.44891661405563354, 0.7790115176809406, 1727991301978997655
0.1191909909248352, 0.5008767247200012, 0.8253512026592085, 1727991302009038637
0.2784966230392456, 0.07368266582489014, 0.8923610944208968, 1727991302039362983
0.4392717480659485, -0.03386622667312622, 0.9771835408280397, 1727991302071259439
0.11438500881195068, 0.15815693140029907, 1.1979269997550235, 1727991302098185208
0.40855711698532104, 0.30691659450531006, 1.0366210755772534, 1727991302129095749
-0.5907454490661621, 0.2541002631187439, 1.0597921620596897, 1727991302159058349
0.30055803060531616, -0.2218536138534546, 1.0513927085073318, 1727991302189081318
-0.19169014692306519, -0.12189376354217529, 1.049691683674119, 1727991302219054914
0.177803635597229, 0.4495735764503479, 1.0330386929272148, 1727991302249112492
0.3813190460205078, 0.4102988839149475, 0.9968786527624015, 1727991302279512418
-0.20920586585998535, -0.12244749069213867, 0.9247008839336903, 1727991302311097008
-0.10164779424667358, -0.38180816173553467, 1.076927644683973, 1727991302338161355
-0.0029364824295043945, 0.39305275678634644, 0.9620733198926666, 1727991302369278829
-0.037157416343688965, 0.8883426785469055, 1.0677109822796536, 1727991302398155137
-0.5401183366775513, -0.12577730417251587, 0.9873108170497731, 1727991302429238750
0.28203392028808594, -0.6074703931808472, 1.0338304705645682, 1727991302458154143
0.12009388208389282, 0.18572860956192017, 0.9860314881090598, 1727991302488163498
0.03166615962982178, 0.8887631893157959, 0.990432611077967, 1727991302518159188
-0.5901355743408203, 0.4405686855316162, 0.8927633950785232, 1727991302551129868
0.13574326038360596, -0.20597034692764282, 1.0743253454705424, 1727991302579338470
-0.3497456908226013, -0.4411125183105469, 1.0635896194043857, 1727991302609183769
0.36981385946273804, 0.1782107949256897, 1.0473335988366832, 1727991302639217545
-0.048702239990234375, 0.7804243564605713, 1.0238576585195869, 1727991302669222681
-0.21917778253555298, 0.7693195343017578, 0.991036841769552, 1727991302699224924
0.018163204193115234, -0.4716383218765259, 1.002076559527878, 1727991302729237858
-0.31226181983947754, -0.5424759387969971, 1.0473517258192102, 1727991302759271196
0.02278834581375122, 0.29779207706451416, 0.9523089157715166, 1727991302791876098
-0.11282175779342651, 0.5722943544387817, 1.0790172977412698, 1727991302819261302
0.07751685380935669, 0.3707404136657715, 0.9826734883277427, 1727991302849287732
-0.032621562480926514, 0.11686956882476807, 1.0125999819103477, 1727991302879265943
-0.2394707202911377, -0.07355600595474243, 1.0183651775262312, 1727991302909285197
0.008330702781677246, -0.25375163555145264, 1.0200728106146173, 1727991302939284880
-0.1988997459411621, 0.10346227884292603, 0.9875696363243531, 1727991302969313199
0.05592864751815796, 0.7220975160598755, 1.0133702365202308, 1727991302999322255
0.052400290966033936, 0.6776489019393921, 0.9772060779309696, 1727991303031397251
-0.017178595066070557, 0.10405600070953369, 1.0976288162312027, 1727991303059282304
-0.002958953380584717, -0.0453525185585022, 0.9993472407668543, 1727991303089296736
-0.030948758125305176, 0.12823933362960815, 1.0080307904978518, 1727991303119290719
-0.1996980905532837, -0.19781267642974854, 1.0178612027274188, 1727991303149332956
0.026050448417663574, -0.17556852102279663, 1.010836589140855, 1727991303179378358
0.26740026473999023, 0.15632492303848267, 1.0026326926488351, 1727991303209374000
-0.4406090974807739, 0.4660782217979431, 0.9903743877342636, 1727991303239783674
0.2785112261772156, 0.5182390809059143, 0.9885759756497255, 1727991303270166020
0.16749650239944458, 0.27616339921951294, 0.9538779256137044, 1727991303301743124
0.12175405025482178, 0.6533610820770264, 1.075370806995601, 1727991303339419441
-0.15218114852905273, 0.643873929977417, 1.019205240604273, 1727991303369481946
0.4915098547935486, 0.3594944477081299, 1.005615966780701, 1727991303399645366
-0.15352189540863037, 0.2341809868812561, 0.9195110433914808, 1727991303431896016
-0.23141354322433472, 0.6492315530776978, 1.0369055509577276, 1727991303461554990
-0.07472413778305054, 0.34887242317199707, 1.0890470865573416, 1727991303489460270
-0.14305859804153442, 0.16619384288787842, 0.9993846307744423, 1727991303519421063
-0.014758169651031494, 0.24264252185821533, 1.030876854812044, 1727991303548482111
0.25899237394332886, 0.12250632047653198, 0.9919211514832633, 1727991303579441276
0.1804184913635254, -0.19137465953826904, 1.0120646844658319, 1727991303609494953
-0.12084245681762695, -0.004657447338104248, 0.9896890444067523, 1727991303639565886
-0.133750319480896, 0.11667102575302124, 1.029334510953062, 1727991303669182366
0.19866865873336792, 0.08260858058929443, 0.9590261951805358, 1727991303701531309
-0.28264832496643066, 0.12077516317367554, 1.0841726861408656, 1727991303738504118
0.09224164485931396, 0.0134926438331604, 1.0250003024360779, 1727991303768689146
-0.3408159613609314, 0.042830586433410645, 1.0398878516520784, 1727991303798574672
-0.04836845397949219, 0.17371535301208496, 0.9183414975381096, 1727991303831248468
-0.0751805305480957, -0.050131142139434814, 0.9841704100986922, 1727991303862115595
-0.06925773620605469, -0.12174630165100098, 1.0935429919106057, 1727991303889561518
-0.047583043575286865, 0.07943153381347656, 0.9854976743281169, 1727991303919525501
-0.13427621126174927, -0.05602443218231201, 1.0076988735653012, 1727991303949545160
0.08741724491119385, 0.034277379512786865, 1.000654280730294, 1727991303979542600
0.0171586275100708, -0.12201279401779175, 1.0237812690895318, 1727991304009585349
0.7604409456253052, 0.2794739007949829, 1.0157907276757863, 1727991304039716625
-0.4424998164176941, -0.053801536560058594, 0.9279951679429143, 1727991304071707718
-0.20080775022506714, 0.08282971382141113, 0.9819265786838841, 1727991304102395479
0.09170091152191162, 0.3553796410560608, 1.1264984423747315, 1727991304129623217
0.011590659618377686, 0.10712200403213501, 1.0250755201866597, 1727991304159816382
0.07193207740783691, 0.011029720306396484, 1.0450807363760901, 1727991304189634872
0.04209965467453003, 0.14820736646652222, 0.9942546320725412, 1727991304219600147
-0.08068841695785522, -0.004092752933502197, 0.9999745512032647, 1727991304249840331
-0.19681817293167114, -0.014813661575317383, 1.0276108346105066, 1727991304279665883
0.061092376708984375, 0.3451083302497864, 0.920821457757292, 1727991304311213164
-0.006956875324249268, -0.29488927125930786, 0.949131069996697, 1727991304342378028
-0.3322261571884155, -0.17186224460601807, 1.1343580259838872, 1727991304369681193
0.5006700754165649, 0.36230993270874023, 1.0733851366955076, 1727991304399710704
0.25710248947143555, 0.43637460470199585, 1.0064389984898887, 1727991304429694507
-0.1001967191696167, 0.06173139810562134, 0.9998909144947536, 1727991304459655392
0.15778851509094238, 0.3442465662956238, 1.0180858527079786, 1727991304489834728
0.018334388732910156, 0.4325932264328003, 1.0033383068022124, 1727991304519709504
-0.02248096466064453, 0.14631807804107666, 0.9582063455916835, 1727991304551243446
-0.30408722162246704, 0.3234354257583618, 0.9827271425557809, 1727991304582225233
0.21317380666732788, 0.7312924265861511, 1.08197350616532, 1727991304609765350
-0.458657443523407, -0.11996150016784668, 0.9929870122297026, 1727991304639720304
-0.47271132469177246, 0.4219205379486084, 1.0203244074980649, 1727991304669782223
0.24130672216415405, 0.4108251929283142, 1.0075144648621626, 1727991304699828347
-0.2802903652191162, 0.21545547246932983, 0.9979425153793438, 1727991304729811858
0.05798804759979248, 0.08625119924545288, 0.9895839261039593, 1727991304760800682
-0.6249018907546997, 0.26646602153778076, 0.9979004379805873, 1727991304791254131
0.4243420362472534, -0.1412392258644104, 0.970536623590804, 1727991304822540251
-0.37164223194122314, 0.3429267406463623, 1.0759920211983893, 1727991304859807324
0.20777952671051025, 0.28629136085510254, 0.9802303103980408, 1727991304889848790
-0.07217389345169067, 0.355920672416687, 0.9666329902851176, 1727991304919870204
0.03311657905578613, -0.15519839525222778, 0.94316049520459, 1727991304951514693
-0.40031272172927856, 0.07642072439193726, 0.9483916237877181, 1727991304982670287
0.09819847345352173, 0.4028801918029785, 1.079318810554103, 1727991305019912697
0.24075353145599365, 0.11133116483688354, 1.0081275386446038, 1727991305050273427
-0.3905295133590698, 0.1899024248123169, 0.9787983340836661, 1727991305080035529
0.11251115798950195, -0.3977741599082947, 0.9310769652712609, 1727991305111534724
-0.06990456581115723, 0.6178533434867859, 0.9234917743275785, 1727991305142632605
0.1524401307106018, -0.04712963104248047, 1.010230004207019, 1727991305179915768
0.24382716417312622, -0.04705691337585449, 0.9656655724661047, 1727991305209933574
-0.39930421113967896, 0.21375888586044312, 0.9484920738856792, 1727991305239934318
0.3539080023765564, -0.26826685667037964, 0.8944074245716978, 1727991305271795613
-0.0803418755531311, 0.2138621211051941, 0.9407967032680331, 1727991305302142810
0.5753641128540039, 0.5976104140281677, 0.993991227001018, 1727991305339911212
-0.6545101404190063, -0.08868491649627686, 0.9647428471660421, 1727991305369141377
0.6408541202545166, 0.11569494009017944, 0.9055560598769641, 1727991305400233144
-0.17030209302902222, -0.19724929332733154, 0.9042592016216476, 1727991305431246450
-0.15896934270858765, 0.13759833574295044, 0.8674212870023188, 1727991305463399080
0.5759467482566833, 0.12116682529449463, 1.0499007789739718, 1727991305489953603
-0.09171056747436523, 0.7982513904571533, 0.8891518249403784, 1727991305520035207
-0.03841996192932129, -0.08276230096817017, 0.743884838472169, 1727991305543618548
-0.19159632921218872, -0.0016216635704040527, 1.0453932734346416, 1727991305570035967
0.3045021891593933, 0.6734976172447205, 0.9545625947995048, 1727991305600006214
-0.13824748992919922, 0.3134044408798218, 0.7950847151392438, 1727991305622959431
0.15647870302200317, 0.36654818058013916, 0.9668505235870145, 1727991305659995678
-0.08940905332565308, 0.32751792669296265, 0.838510554633484, 1727991305690073702
-0.4717538356781006, -0.1724170446395874, 0.8357658908939968, 1727991305720076185
0.2678490877151489, -0.27739113569259644, 0.849869540739825, 1727991305751306081
-0.23291301727294922, 0.2644032835960388, 0.8140189614081125, 1727991305783101153
0.38123100996017456, 0.4937569499015808, 0.9213251901268048, 1727991305820080047
0.07440406084060669, 0.1644476056098938, 0.8357225983411976, 1727991305850351857
-0.31538528203964233, -0.20404493808746338, 0.846617999322128, 1727991305880101674
0.29735350608825684, 0.11190074682235718, 0.8417793993421281, 1727991305911283451
-0.19938671588897705, 0.5251780152320862, 0.8240330908491166, 1727991305943258368
-0.22920119762420654, 0.17221719026565552, 0.9265598536335303, 1727991305980100464
-0.014176785945892334, -0.25325828790664673, 0.83089912728219, 1727991306010933055
0.19414269924163818, 0.09652256965637207, 0.8185076988378668, 1727991306040870558
-0.20871001482009888, 0.05110204219818115, 0.8081406891244864, 1727991306071493719
0.1924760937690735, 0.17865341901779175, 0.8091128131391961, 1727991306103456321
0.15493804216384888, 0.2017921805381775, 0.8988793441988471, 1727991306140833487
-0.3180133104324341, -0.11680388450622559, 0.8321416502935749, 1727991306170878755
-0.017101645469665527, -0.19210600852966309, 0.8362582989024495, 1727991306200871156
0.22489196062088013, 0.06971478462219238, 0.7974087787744586, 1727991306231373599
-0.41553986072540283, 0.37441110610961914, 0.7549875999830874, 1727991306263499994
0.7799385786056519, 0.2927982211112976, 0.8442827610743046, 1727991306290894429
-0.3917514681816101, 0.18084114789962769, 0.7754407031772144, 1727991306320867373
-0.021469950675964355, 0.8811028003692627, 0.79777134136041, 1727991306350888863
0.2175917625427246, 0.2524629235267639, 0.7976560746874175, 1727991306381270276
-0.29787081480026245, -0.40468454360961914, 0.8088580114993955, 1727991306410833373
-0.08889776468276978, 0.3369024991989136, 0.804983866566606, 1727991306441396561
0.5137271881103516, 0.18764513731002808, 0.8173965762720934, 1727991306471586394
-0.5396931767463684, 0.25432002544403076, 0.7284409885487894, 1727991306504006683
-0.22165906429290771, 0.6831695437431335, 0.8828417539302617, 1727991306530863416
0.04226404428482056, 0.050396502017974854, 0.8335005521815755, 1727991306560983262
0.059579432010650635, 0.28934913873672485, 0.7818226871340318, 1727991306590990174
0.4040232300758362, 0.17572879791259766, 0.7703674725580575, 1727991306620985668
-0.3014603853225708, -0.41468489170074463, 0.7410036475675889, 1727991306650898252
-0.07458597421646118, 0.18746179342269897, 0.8012444892705979, 1727991306680146457
-0.18778443336486816, 0.7230981588363647, 0.7767722160120707, 1727991306711306112
0.5690128803253174, 0.7558256387710571, 0.7293070151853558, 1727991306742171513
-0.39878249168395996, -0.5324646830558777, 0.7601731467166697, 1727991306770950059
-0.3874499201774597, 0.21430867910385132, 0.7428006278636431, 1727991306800934147
0.1548725962638855, 0.26748889684677124, 0.7583754893813891, 1727991306830854645
-0.5869908928871155, -0.1581878662109375, 0.7908732502479927, 1727991306860337648
0.20543116331100464, 0.3038240075111389, 0.7668700215286262, 1727991306890331172
0.38684338331222534, 0.48253536224365234, 0.7386280225771162, 1727991306920404172
-0.3410908579826355, 0.2728462219238281, 0.702427006628311, 1727991306951632344
-0.3328952193260193, 0.42252177000045776, 0.711641131994935, 1727991306983593948
-0.0500604510307312, -0.10804009437561035, 0.8745879646307677, 1727991307010344126
0.16581463813781738, -0.10011041164398193, 0.7672898881866519, 1727991307040384655
0.25991368293762207, 0.5272941589355469, 0.7555206086968191, 1727991307070361485
0.08953201770782471, -0.054673075675964355, 0.711706349074705, 1727991307100443454
-0.40269607305526733, -0.04976499080657959, 0.7132158078000457, 1727991307130400520
0.0666193962097168, 1.2247288227081299, 0.741650830359449, 1727991307160450120
0.4612806439399719, 0.09850966930389404, 0.7020280017055032, 1727991307191832969
0.17326128482818604, -0.6108245849609375, 0.6597536622488661, 1727991307224031334
-0.8670949339866638, 0.2791546583175659, 0.8435181620974129, 1727991307250384020
0.6309769749641418, 0.5234203934669495, 0.7090218732587649, 1727991307280411466
-0.1599593162536621, -0.4241349697113037, 0.6233083720248123, 1727991307303590118
-0.5274450778961182, 0.8153203129768372, 0.8289992057020737, 1727991307330425542
0.43787163496017456, -0.13284432888031006, 0.7460920880294108, 1727991307360475994
0.01593726873397827, 0.6210829615592957, 0.6379162876166697, 1727991307383683595
0.03658252954483032, 0.6690366268157959, 0.7636360307835754, 1727991307420488590
0.02996760606765747, 0.39007568359375, 0.7539664443815979, 1727991307450485960
-0.4787449836730957, -0.3684132695198059, 0.7453299640135582, 1727991307480533052
-0.012949645519256592, 0.9671560525894165, 0.6752302426597769, 1727991307511990583
0.37912052869796753, -0.05300348997116089, 0.6319041737009098, 1727991307544045215
-0.13817286491394043, 0.43875032663345337, 0.804244129759598, 1727991307580504287
0.22609716653823853, 0.1869645118713379, 0.7359538827657247, 1727991307610525476
-0.42303818464279175, 0.47048842906951904, 0.7116767378771791, 1727991307640594621
0.07065969705581665, 0.10864949226379395, 0.6652684755258338, 1727991307671793009
-0.21842092275619507, -0.5627537369728088, 0.645253544302478, 1727991307703682944
-0.09239178895950317, 0.05770409107208252, 0.7726546703880431, 1727991307730609234
0.09916764497756958, 0.5200785398483276, 0.7097913220786265, 1727991307760574092
0.1750560998916626, 0.48392075300216675, 0.6679178173149151, 1727991307790992624
-0.009522855281829834, -0.2977997660636902, 0.6446482998979098, 1727991307820548282
-0.13929283618927002, 0.894990086555481, 0.6976898107082689, 1727991307850564709
0.2314491868019104, 0.4410005211830139, 0.7041282909313427, 1727991307880595961
-0.18697768449783325, -0.5740616917610168, 0.6663209861075915, 1727991307911377309
-0.19258469343185425, 0.16288208961486816, 0.6558309174445948, 1727991307943666419
0.055152297019958496, 0.8278217315673828, 0.7769926738565033, 1727991307970703371
0.22176659107208252, -0.35713058710098267, 0.6892193620562026, 1727991308000666525
-0.14271479845046997, 0.8320692777633667, 0.5958462751165595, 1727991308023734100
0.0805901288986206, 1.23684823513031, 0.7087315242908687, 1727991308060645362
-0.0026715993881225586, 0.10856211185455322, 0.6536537361469187, 1727991308090632347
0.3755379319190979, -0.8431210517883301, 0.6583640212457197, 1727991308120661777
-0.10904759168624878, 0.10597342252731323, 0.640347952129543, 1727991308151397123
-0.3873845934867859, 0.8221411108970642, 0.587399468798176, 1727991308184349061
0.22324413061141968, 1.1629079580307007, 0.7567775320068277, 1727991308219707504
-0.5328906178474426, -0.22518914937973022, 0.6435380188201003, 1727991308249726389
0.3278343677520752, -1.1031779050827026, 0.6520337073052961, 1727991308280891862
-0.37832313776016235, 0.2539837956428528, 0.6322629109269035, 1727991308311790851
-0.05943351984024048, 0.47149157524108887, 0.5700715184577675, 1727991308343741219
-0.5959451198577881, 0.7797520160675049, 0.6838457372667681, 1727991308370955194
0.08059501647949219, -0.3213152289390564, 0.6321754217247633, 1727991308400710410
-0.2075035572052002, -0.29961711168289185, 0.6642149197258908, 1727991308431392781
0.06527888774871826, 0.5774083733558655, 0.7279396872592394, 1727991308459724784
0.3250764012336731, 0.2321985363960266, 0.6639449914991499, 1727991308489739306
-0.06383377313613892, -0.5209599137306213, 0.618441746221716, 1727991308520791405
-1.0354199409484863, 0.32479292154312134, 0.6136817061075934, 1727991308551411609
1.1401000022888184, 0.83781498670578, 0.5469876059185268, 1727991308584033343
-0.6796234250068665, 0.539548933506012, 0.6436930799741395, 1727991308620770060
0.129219651222229, 0.35005903244018555, 0.5676688824901557, 1727991308650815786
0.3292413353919983, 0.008696436882019043, 0.6236511994889256, 1727991308680851669
0.301749587059021, 0.42510586977005005, 0.6346069177409654, 1727991308711444607
-0.07649123668670654, 0.7446025609970093, 0.5661964604390619, 1727991308744546400
-0.1831260323524475, -0.03950083255767822, 0.7034317502463042, 1727991308770902709
0.061862051486968994, -0.6643514037132263, 0.6609530049111263, 1727991308800854493
-0.5164929628372192, -0.12484145164489746, 0.6619393529033692, 1727991308830860125
0.6242513656616211, 0.6175333857536316, 0.5903360592301384, 1727991308860874867
-0.4993000030517578, 0.5133829712867737, 0.5885217642861017, 1727991308890937348
0.03335833549499512, -0.15930819511413574, 0.5889999510862083, 1727991308920884858
0.0936998724937439, 0.18035614490509033, 0.5696650911037426, 1727991308952073867
0.10599517822265625, 0.8865200877189636, 0.5796118253344491, 1727991308983913629
-0.09269249439239502, 1.0411982536315918, 0.6572434904886386, 1727991309020880038
-0.24990659952163696, 0.043546438217163086, 0.5754048320758309, 1727991309050922232
0.09263980388641357, 0.16271841526031494, 0.6361713906286296, 1727991309080961365
-0.027733027935028076, 0.29465246200561523, 0.5975530777808483, 1727991309111817607
-0.09267914295196533, 0.2700430154800415, 0.5230000059485986, 1727991309144190853
-0.07725274562835693, 0.02369105815887451, 0.6538503478633363, 1727991309171003887
0.35820263624191284, -0.10571867227554321, 0.5970263644269249, 1727991309200939444
-0.14341342449188232, -0.09447020292282104, 0.5698052278395349, 1727991309230969575
0.16525083780288696, 0.3544209599494934, 0.5980347026779634, 1727991309260944499
-0.017840862274169922, 0.4990348219871521, 0.5955121110431609, 1727991309290968011
0.2386329174041748, 0.428810715675354, 0.5928376291815703, 1727991309320972817
-0.5868614912033081, 0.09045970439910889, 0.5930303391667212, 1727991309351472385
-0.12173020839691162, 0.3230065703392029, 0.5214305654564921, 1727991309383846400
-1.5066224336624146, -0.09925895929336548, 0.5756103188710402, 1727991309411341957
-0.619391918182373, -0.3034568428993225, 0.5819840763083173, 1727991309441392875
-1.517961025238037, 0.12945961952209473, 0.5534827244386539, 1727991309471075205
-0.6231520771980286, 0.19548487663269043, 0.49233102315773125, 1727991309501056581
-0.7960227727890015, 0.28113216161727905, 0.45204152343668447, 1727991309531280950
-0.4404575228691101, 0.07247161865234375, 0.40980949763435304, 1727991309561055104
-0.4785975217819214, -0.2489071488380432, 0.34051099222151276, 1727991309591910723
0.14144480228424072, 0.2075374722480774, 0.309321761375627, 1727991309623798202
1.5960134267807007, 0.771987795829773, 0.4840344059610611, 1727991309650139487
1.128519058227539, -0.4601452946662903, 0.5310057096323372, 1727991309681091795
0.4909338355064392, -0.058007776737213135, 0.5639813077952277, 1727991309711102361
1.0129282474517822, 0.35955625772476196, 0.5941964596177048, 1727991309741105236
0.9312913417816162, -0.22011548280715942, 0.594775750058037, 1727991309771115176
-0.44090986251831055, -0.5957044363021851, 0.5763572130040712, 1727991309801100660
0.3209202289581299, 0.5067277550697327, 0.5351721569848926, 1727991309831499782
-0.09741014242172241, 0.803963303565979, 0.4868370576274103, 1727991309863921317
-0.01529228687286377, -0.04032391309738159, 0.5865673490042105, 1727991309891219012
-0.39963215589523315, -0.041174113750457764, 0.5345171887976385, 1727991309921203108
0.10158270597457886, 0.14860540628433228, 0.5841480875484563, 1727991309951252961
-0.5298635959625244, 0.229017436504364, 0.5825147171337759, 1727991309981395768
0.8905586004257202, 0.2380657196044922, 0.5390438709435981, 1727991310011259933
-0.5323646068572998, 0.5413703322410583, 0.553755912585561, 1727991310041236844
0.12067770957946777, 0.33779633045196533, 0.5528851147221027, 1727991310071504989
-0.14022129774093628, -0.014334022998809814, 0.49971921540736525, 1727991310104067098
-0.10226261615753174, 0.46747732162475586, 0.6050368519720941, 1727991310131249489
-0.05127030611038208, 0.05935460329055786, 0.546739231267277, 1727991310171223435
-0.13823920488357544, 0.2367609143257141, 0.5427012048294909, 1727991310201260500
-0.04354149103164673, 0.27299636602401733, 0.5201639622264359, 1727991310231932864
-0.04513579607009888, 0.2633451819419861, 0.5089787475040828, 1727991310263972196
-0.08470666408538818, -0.15166312456130981, 0.5622678696455022, 1727991310291317709
0.24244803190231323, -0.2955431342124939, 0.5518933530137697, 1727991310321229987
-0.25923776626586914, 0.4565929174423218, 0.5709271935631649, 1727991310351277208
-0.8894050717353821, 0.7947826981544495, 0.5216487460574508, 1727991310381239626
-0.9484868049621582, 0.12324422597885132, 0.5108841778434853, 1727991310411246746
-0.943223237991333, -0.4915907382965088, 0.5082639232080539, 1727991310441288938
-0.5527666807174683, 0.394031822681427, 0.46558569339279704, 1727991310471534718
-1.0237514972686768, -0.22062093019485474, 0.40789912132200373, 1727991310503686618
-1.1432160139083862, -0.39015841484069824, 0.42800961333357956, 1727991310531396648
0.08055776357650757, 0.5706255435943604, 0.3453590853596019, 1727991310561339131
-0.2760252356529236, -0.2746415138244629, 0.27490809598051935, 1727991310591363741
1.0729762315750122, 0.22255343198776245, 0.3657509606410301, 1727991310621331219
1.4039247035980225, 0.6209513545036316, 0.5442963108836821, 1727991310651330847
1.2763893604278564, 0.22617268562316895, 0.5282482241491031, 1727991310681353780
0.7055717706680298, 0.24378234148025513, 0.5665387374825801, 1727991310711789895
1.1835041046142578, 0.19550544023513794, 0.5367151552583669, 1727991310744097807
-0.5614303350448608, 0.1350865364074707, 0.5510973067406003, 1727991310771445994
0.8535022735595703, -0.08771848678588867, 0.4980963605401376, 1727991310801399813
-0.10550922155380249, 0.639497697353363, 0.5235789234494873, 1727991310831424172
0.20677202939987183, 0.30997055768966675, 0.43995738581910016, 1727991310861371612
0.05396926403045654, -0.46326160430908203, 0.4018168475359113, 1727991310891407995
-0.33979862928390503, -0.12786924839019775, 0.4671149177034427, 1727991310921382872
0.024545609951019287, 0.20990139245986938, 0.5098889434289987, 1727991310951773098
0.15046244859695435, 0.41303712129592896, 0.46845729812089415, 1727991310983908932
-0.06058979034423828, 0.2581552267074585, 0.5410474153829394, 1727991311011499128
-0.42121511697769165, 0.5796489715576172, 0.49814315927019437, 1727991311041457888
0.03548794984817505, 0.038392841815948486, 0.4816391792476056, 1727991311071439211
0.18927806615829468, -0.682689905166626, 0.4856761973429964, 1727991311101436890
-0.38881850242614746, -0.19048631191253662, 0.4452902456884624, 1727991311131486760
0.6695210337638855, -0.01988619565963745, 0.4817518248492723, 1727991311161480654
-0.7301809191703796, 0.6503753066062927, 0.4908744842973525, 1727991311192061690
0.6031445264816284, 0.5202404856681824, 0.4585002471667078, 1727991311223683107
-0.12084472179412842, 0.025813162326812744, 0.541621601215318, 1727991311251529071
0.2290198802947998, 0.10104042291641235, 0.5161379254216835, 1727991311281470752
-0.08312278985977173, 0.10929238796234131, 0.5199318571712432, 1727991311311497833
-0.4817761182785034, -0.05906808376312256, 0.445907396372994, 1727991311341519338
0.3437526822090149, 0.11311602592468262, 0.4733147209230315, 1727991311371532133
-0.4554218649864197, 0.5197853446006775, 0.5014952260344395, 1727991311401560580
-0.6529083847999573, 0.12134075164794922, 0.46099451261892765, 1727991311432099936
0.34627997875213623, 0.12723034620285034, 0.46147376922882455, 1727991311463833601
-0.03495991230010986, 0.5194441080093384, 0.5437830853035353, 1727991311491546927
0.2012007236480713, -0.2615165710449219, 0.5265149517983198, 1727991311521534963
-0.8615850210189819, 0.19663435220718384, 0.5170647930826343, 1727991311551567053
0.3204966187477112, 0.49546486139297485, 0.47319437154532296, 1727991311581639114
0.03215557336807251, -0.2930108308792114, 0.4762425466213845, 1727991311611673729
0.24161827564239502, 0.18264228105545044, 0.47732282453745095, 1727991311641714107
0.05423784255981445, 0.3893507719039917, 0.45315550004641253, 1727991311671687997
-0.3411175012588501, -0.7691678404808044, 0.4030049448072648, 1727991311704187664
0.09733366966247559, -0.44062256813049316, 0.5066829798705963, 1727991311731667573
0.2324046492576599, 0.534054160118103, 0.4729577857016465, 1727991311771595620
0.23250925540924072, 0.3657063841819763, 0.4598654987149238, 1727991311801641751
-0.3459838032722473, -0.04412490129470825, 0.45544042861322365, 1727991311832061412
-0.5410642027854919, -0.35789841413497925, 0.46165003215948375, 1727991311863730402
0.06575769186019897, 0.18387150764465332, 0.5065175416000424, 1727991311893853323
0.12836211919784546, 0.930641770362854, 0.46280792288467093, 1727991311931672985
-0.2701021432876587, 0.10397118330001831, 0.44452333984163284, 1727991311961722576
-0.5866899490356445, 0.2141290307044983, 0.4683014063580946, 1727991311981668560
0.7351123094558716, 0.08581399917602539, 0.41876217789225983, 1727991312023174533
-0.2942360043525696, -0.3305206298828125, 0.4090832236346511, 1727991312053822440
-0.30675143003463745, -0.23082470893859863, 0.4721252889253831, 1727991312081721192
-0.48211169242858887, 0.5344570875167847, 0.4537492464124694, 1727991312111678645
-0.030460000038146973, 0.07434707880020142, 0.4148598182983088, 1727991312133830896
0.2317177653312683, -0.3667970299720764, 0.5209253372202212, 1727991312161748994
-0.4353069067001343, 0.5196722745895386, 0.4092179897259024, 1727991312183821452
0.23357772827148438, -0.21846771240234375, 0.413308217354608, 1727991312213805612
-0.4814131259918213, 0.6460992097854614, 0.5097012946905667, 1727991312251764751
0.6212867498397827, 0.8289474248886108, 0.4242481208957535, 1727991312282042047
-0.3392840027809143, -0.3624510169029236, 0.4120049055827437, 1727991312312201767
-0.09375226497650146, -0.24226462841033936, 0.44314768304831287, 1727991312343151723
0.4693470597267151, 0.047774434089660645, 0.47522041337305787, 1727991312373144172
-0.15350806713104248, 0.01165682077407837, 0.4463623914050507, 1727991312402321451
0.3955957293510437, 0.06578391790390015, 0.45497428411101315, 1727991312431821893
0.033283233642578125, 0.6284682154655457, 0.4419673316877162, 1727991312461826463
-0.3890905976295471, 0.17173892259597778, 0.40302263183842363, 1727991312481949261
0.38415271043777466, -0.07966214418411255, 0.40851595135978425, 1727991312521861858
-0.2921735644340515, -0.14838802814483643, 0.39336413402999015, 1727991312552473936
0.3034539818763733, -0.029994964599609375, 0.4025765483674358, 1727991312583775133
-0.24442410469055176, 0.090969979763031, 0.4567401400638108, 1727991312613933420
0.12435674667358398, 0.06261813640594482, 0.48234312487901254, 1727991312642005655
0.02646768093109131, 0.495130717754364, 0.4596855193233304, 1727991312671830408
-0.5439913868904114, 0.4611104726791382, 0.46187188229227427, 1727991312701878756
0.34911829233169556, 0.8031180500984192, 0.44212698188046345, 1727991312731905664
-0.5833507180213928, -0.2521412968635559, 0.4371871158474938, 1727991312761926392
0.1844463348388672, -0.3293520212173462, 0.4152591843354668, 1727991312792271348
-0.17560791969299316, -0.019743680953979492, 0.4012930200718241, 1727991312823767248
-0.29036587476730347, -0.23039615154266357, 0.42906418346389197, 1727991312854479404
-0.2493300437927246, 0.5673823952674866, 0.46782615214339335, 1727991312881997725
-0.16726744174957275, 0.01039344072341919, 0.4470680296303358, 1727991312911902117
0.7042283415794373, 0.018172800540924072, 0.4342706366624648, 1727991312933423782
-0.09910231828689575, -0.024264097213745117, 0.4594156255164353, 1727991312961018205
-0.07519447803497314, 0.8853476047515869, 0.3488559164529346, 1727991312984312669
-0.3621208071708679, 0.04045569896697998, 0.4775093439252413, 1727991313013057369
-0.04359525442123413, -0.26286840438842773, 0.4873085226933974, 1727991313050986571
0.2922780513763428, 0.44434863328933716, 0.39018719839623855, 1727991313082025888
-0.048229098320007324, 0.2681158185005188, 0.4219563832692543, 1727991313111335540
0.09423530101776123, 0.03633970022201538, 0.3826720329806619, 1727991313143847530
0.2831467390060425, 0.316969633102417, 0.38754858447783247, 1727991313174493391
0.1751418113708496, 0.39949387311935425, 0.4579346225239744, 1727991313201176633
-0.24376940727233887, 0.046103596687316895, 0.40872325291529155, 1727991313232073729
0.43088144063949585, 0.1507793664932251, 0.41601718440667806, 1727991313262267079
-0.23910588026046753, 0.1752731204032898, 0.42472063352408745, 1727991313292086669
0.22747480869293213, -0.12688106298446655, 0.41036876328635774, 1727991313322085888
-0.08117938041687012, 0.18455475568771362, 0.40673440757270485, 1727991313352070223
0.07704228162765503, 0.6359066963195801, 0.4098084484074861, 1727991313383938570
-0.45077842473983765, 0.16671544313430786, 0.45703693853136906, 1727991313412071333
0.03615140914916992, 0.26207679510116577, 0.38386579699880813, 1727991313442133157
-0.0759308934211731, -0.18947958946228027, 0.4033143950758619, 1727991313472056818
-0.18325191736221313, -0.26200956106185913, 0.3835019475789158, 1727991313494120527
0.4691099524497986, -0.1528557538986206, 0.45073334284172656, 1727991313521178019
-0.5190039873123169, 0.6363446116447449, 0.38444857540081817, 1727991313552082246
0.13730359077453613, -0.18146425485610962, 0.4026658801403571, 1727991313581172276
-0.40191876888275146, 0.7403671145439148, 0.4225202708258705, 1727991313612119478
0.027069807052612305, 0.823382556438446, 0.41499317330078167, 1727991313641163156
0.08383703231811523, 0.12682533264160156, 0.36626556476662675, 1727991313672206949
-0.035211145877838135, -0.348924458026886, 0.3839095217309713, 1727991313703975755
0.11762285232543945, -0.23124223947525024, 0.399556148903507, 1727991313734873833
-0.14216846227645874, -0.3794783353805542, 0.4480697710555299, 1727991313762225330
0.30643606185913086, -0.12823283672332764, 0.4086221818759918, 1727991313791155530
-0.8027942180633545, 0.4821556806564331, 0.391608887382433, 1727991313822202913
0.6902827620506287, 0.37740278244018555, 0.38900052083709485, 1727991313852186535
-0.27125614881515503, 0.7809637188911438, 0.39146202039897415, 1727991313882246040
-0.11104416847229004, 0.2549135684967041, 0.384132697070438, 1727991313912216754
-0.0429379940032959, -0.0031746625900268555, 0.3648544163391663, 1727991313944314428
0.11922216415405273, -0.2202146053314209, 0.37592093700899504, 1727991313974986147
-0.05845612287521362, -0.5531430840492249, 0.4181379809027637, 1727991314002306050
-0.18843549489974976, 0.16013628244400024, 0.3683672124937701, 1727991314032243768
-0.40426158905029297, 0.21059048175811768, 0.388683433991537, 1727991314062237831
0.002936422824859619, 0.5280317664146423, 0.4170067620569681, 1727991314092244627
-0.7045086026191711, 0.8012450337409973, 0.41511157308533325, 1727991314122264658
-0.10237079858779907, 0.19504153728485107, 0.39929476600315333, 1727991314152313980
-0.5200225114822388, -0.2426668405532837, 0.39171036082059985, 1727991314184266256
0.300464928150177, -0.07908207178115845, 0.3845163051578605, 1727991314214848689
-0.469218909740448, 0.05188530683517456, 0.4017604239060418, 1727991314242382745
0.8906090259552002, -0.2732885479927063, 0.41412860114816924, 1727991314272297009
0.006007492542266846, 0.25801849365234375, 0.35613015139473836, 1727991314302279537
-0.14781337976455688, -0.09510493278503418, 0.3301478632427236, 1727991314332315151
-0.5203855037689209, 0.49400556087493896, 0.39783201397506823, 1727991314362316087
-0.17713046073913574, -0.09311133623123169, 0.3961095338450799, 1727991314392339958
-0.5573133230209351, 0.028529107570648193, 0.3690329649976599, 1727991314423960277
-0.23288565874099731, 0.5090517997741699, 0.3906479196857562, 1727991314455681803
-0.28714561462402344, 0.691166877746582, 0.43582822409265054, 1727991314492358565
-0.1389828324317932, 0.26818984746932983, 0.3775269638118794, 1727991314522349337
-0.33225733041763306, 0.14350122213363647, 0.3744837140511147, 1727991314552384697
0.047818541526794434, -0.32233184576034546, 0.3388732826372815, 1727991314584519563
-0.0736653208732605, 0.16803967952728271, 0.36457107068950245, 1727991314615076252
-0.047013700008392334, 0.670784592628479, 0.3883937954036517, 1727991314642415344
-0.16872382164001465, -0.14767879247665405, 0.35185847390564534, 1727991314672384985
0.19601720571517944, -0.15101021528244019, 0.390463363065643, 1727991314702442133
0.25481343269348145, 0.3619558811187744, 0.3827696473455841, 1727991314732452648
-0.4322162866592407, -0.24792861938476562, 0.33906294236890755, 1727991314762420168
-0.13374948501586914, -0.48932427167892456, 0.3774110496586266, 1727991314792476088
-0.7035945653915405, 0.25467169284820557, 0.3838109708828858, 1727991314824045133
0.15704399347305298, 0.4858817458152771, 0.36560616847444943, 1727991314855447812
-0.4852008819580078, 0.7035316824913025, 0.4100846667325769, 1727991314882595086
0.7014918923377991, -0.25002771615982056, 0.34661514316863773, 1727991314912642047
0.4816492795944214, 0.4255130887031555, 0.3549794889452963, 1727991314935803982
0.17472600936889648, 0.41507142782211304, 0.3997297072376491, 1727991314972476511
0.12227940559387207, 0.1752830147743225, 0.3194884647415649, 1727991315002800813
-0.2049962878227234, 0.23239600658416748, 0.37830401937381164, 1727991315032546423
0.11109071969985962, 0.3331800103187561, 0.3551624335811488, 1727991315064273798
0.4557562470436096, 0.09625178575515747, 0.31452751876585777, 1727991315095596745
0.07382375001907349, -0.44701480865478516, 0.36130934489374344, 1727991315122550691
-0.19777315855026245, -0.2858639359474182, 0.34554413412227486, 1727991315152493906
0.2043919563293457, -0.05215376615524292, 0.34516648814690903, 1727991315182537045
0.10645526647567749, 0.08301174640655518, 0.3625840314945171, 1727991315212512751
-0.3342899680137634, 0.2018284797668457, 0.37896989465966374, 1727991315242576868
-0.0641028881072998, 0.3126365542411804, 0.37039466300766066, 1727991315272575311
-0.2855263352394104, 0.6144862174987793, 0.3454487529746014, 1727991315304120810
-0.07645809650421143, 0.3631463050842285, 0.340254376820146, 1727991315336110542
0.06793338060379028, 0.3395872116088867, 0.3732485105264283, 1727991315372723440
-0.4437059164047241, 0.561811089515686, 0.33525526973449105, 1727991315402665611
0.17273026704788208, 0.4651784896850586, 0.32451224325317346, 1727991315432608402
0.03468012809753418, 0.4866687059402466, 0.32802923054147604, 1727991315464394769
0.050745368003845215, 0.41809773445129395, 0.35844378577825176, 1727991315496027979
-0.18499857187271118, 1.1625839471817017, 0.423594158183034, 1727991315532671758
-0.44762861728668213, -0.06323152780532837, 0.37504606874156177, 1727991315562634573
0.0646105408668518, 0.5038650631904602, 0.41145458241873084, 1727991315592690133
0.1762104630470276, 0.4268171787261963, 0.3217553144456807, 1727991315624019168
0.19065719842910767, -0.4996437430381775, 0.29734787087851905, 1727991315655824627
0.612673819065094, -0.6537779569625854, 0.3987212085581704, 1727991315682749188
-0.39507055282592773, 0.6996031403541565, 0.34175290753533716, 1727991315722659246
0.26535874605178833, 0.4708132743835449, 0.30147063521149536, 1727991315752718622
0.0888601541519165, -0.1645132303237915, 0.3290398582258357, 1727991315784134005
-0.205377459526062, -0.3328898549079895, 0.32962207584375464, 1727991315815895106
0.32450807094573975, -0.23661881685256958, 0.3774056824345528, 1727991315842773917
-0.5926259756088257, -0.05514901876449585, 0.3425967454251951, 1727991315872758423
0.6057253479957581, -0.3402801752090454, 0.3594555159460601, 1727991315902726654
-0.4323861002922058, 0.5739457607269287, 0.38915151024597877, 1727991315932768979
0.7521387338638306, 0.24015063047409058, 0.32348088753213755, 1727991315962707290
-0.37620609998703003, 0.0712549090385437, 0.29899537855432456, 1727991315992786867
-0.043042004108428955, 0.3276769518852234, 0.3113318055928205, 1727991316024358929
-0.3496798276901245, -0.19211459159851074, 0.3105159369657592, 1727991316056424840
-0.3422048091888428, 0.17548954486846924, 0.3494132896028138, 1727991316082854892
0.06152242422103882, 0.29951268434524536, 0.33510744887536653, 1727991316112799799
-0.1819813847541809, -0.2649279236793518, 0.30411783675256393, 1727991316136188220
0.32967376708984375, 0.38213497400283813, 0.3756386720482516, 1727991316172825155
-0.7164149284362793, -0.07736915349960327, 0.32700929432417286, 1727991316202804431
0.8897044062614441, 0.3375086784362793, 0.35890503588798917, 1727991316232877728
0.07406449317932129, -0.6074119210243225, 0.3371251231823846, 1727991316264029014
-0.03687101602554321, -0.5547451972961426, 0.29192625049517495, 1727991316295982246
0.01091068983078003, 0.10558366775512695, 0.35822488516275364, 1727991316322854524
-0.1855958104133606, 0.08879351615905762, 0.3366451204964416, 1727991316352857591
0.24586790800094604, 0.18850332498550415, 0.32428572315308085, 1727991316382913268
-0.15793335437774658, 0.8271845579147339, 0.2951287052663669, 1727991316412893097
-0.47185564041137695, -0.16314274072647095, 0.3098908589092452, 1727991316442153032
-0.16881054639816284, 0.25765514373779297, 0.3248962159242042, 1727991316472948046
-0.4872475266456604, 0.13024097681045532, 0.2848566105531857, 1727991316504408151
-0.3717646598815918, -0.3212239146232605, 0.28880503747440395, 1727991316535973286
-0.3157620429992676, 0.37543433904647827, 0.40215740541991085, 1727991316562150210
0.3032963275909424, 0.5459758043289185, 0.31860736542630513, 1727991316592988271
