e, e_dot, e_int, stamp, 
1.2490292462099757, -0.009053826607280052, 0.0849758530838862, builtin_interfaces.msg.Time(sec=16, nanosec=151000000), 
1.2471825761328557, -0.027158196182179326, 0.08491306278168878, builtin_interfaces.msg.Time(sec=16, nanosec=185000000), 
1.2444154217460677, -0.04523357317556873, 0.08478755086601505, builtin_interfaces.msg.Time(sec=16, nanosec=219000000), 
1.2407310841805521, -0.06324992110101514, 0.08459945919334812, builtin_interfaces.msg.Time(sec=16, nanosec=253000000), 
1.2361343445668431, -0.08118703116886813, 0.08434903261118518, builtin_interfaces.msg.Time(sec=16, nanosec=287000000), 
1.2309670926334804, -0.09572540732423283, 0.08404420381796651, builtin_interfaces.msg.Time(sec=16, nanosec=321000000), 
1.2253214274871342, -0.10600899097753806, 0.08369491826624904, builtin_interfaces.msg.Time(sec=16, nanosec=355000000), 
1.2192765418433293, -0.11461324304069627, 0.08331280807118274, builtin_interfaces.msg.Time(sec=16, nanosec=389000000), 
1.2131569994795484, -0.11925909811358708, 0.08290911262636029, builtin_interfaces.msg.Time(sec=16, nanosec=423000000), 
1.2069842372420543, -0.12051279020857902, 0.0824934696474718, builtin_interfaces.msg.Time(sec=16, nanosec=457000000), 
1.2007603539102083, -0.12153574087588292, 0.08207376938765439, builtin_interfaces.msg.Time(sec=16, nanosec=491000000), 
1.1944784884582795, -0.12260538023308577, 0.08165038980450562, builtin_interfaces.msg.Time(sec=16, nanosec=525000000), 
1.188143305576796, -0.12369655228835551, 0.08122332868675977, builtin_interfaces.msg.Time(sec=16, nanosec=559000000), 
1.1817612689266503, -0.12467862285910968, 0.08079268276046579, builtin_interfaces.msg.Time(sec=16, nanosec=593000000), 
1.1753323047666862, -0.12559804715794004, 0.08035870259678968, builtin_interfaces.msg.Time(sec=16, nanosec=627000000), 
1.1688568133960542, -0.12651426990780548, 0.07992154210735952, builtin_interfaces.msg.Time(sec=16, nanosec=661000000), 
1.162338320781391, -0.12739199985583385, 0.07948128861606697, builtin_interfaces.msg.Time(sec=16, nanosec=695000000), 
1.1557791871529481, -0.12821202199123571, 0.07903808461682225, builtin_interfaces.msg.Time(sec=16, nanosec=729000000), 
1.14918028056822, -0.12900039424677467, 0.07859208320605801, builtin_interfaces.msg.Time(sec=16, nanosec=763000000), 
1.142543308950354, -0.1297635117901381, 0.07814339627122117, builtin_interfaces.msg.Time(sec=16, nanosec=797000000), 
1.1358704052568989, -0.1304889736404041, 0.07769213054824406, builtin_interfaces.msg.Time(sec=16, nanosec=831000000), 
1.1291630291860721, -0.13117921337531283, 0.07723840618358205, builtin_interfaces.msg.Time(sec=16, nanosec=865000000), 
1.1224224537879992, -0.13184266145980053, 0.07678233346656867, builtin_interfaces.msg.Time(sec=16, nanosec=899000000), 
1.1156502921257088, -0.132477814317288, 0.07632401090226168, builtin_interfaces.msg.Time(sec=16, nanosec=933000000), 
1.1088478453593653, -0.1330843963591558, 0.07586353340218967, builtin_interfaces.msg.Time(sec=16, nanosec=967000000), 
1.1020164252425346, -0.13366536159974643, 0.07540099675515914, builtin_interfaces.msg.Time(sec=17, nanosec=1000000), 
1.0951572393690605, -0.13422162735592943, 0.07493648755934178, builtin_interfaces.msg.Time(sec=17, nanosec=35000000), 
1.0882715164634562, -0.13475400763802364, 0.0744700907710345, builtin_interfaces.msg.Time(sec=17, nanosec=69000000), 
1.081390690211593, -0.13496616821046514, 0.07400257411033316, builtin_interfaces.msg.Time(sec=17, nanosec=103000000), 
1.0745288462444422, -0.13473206097072535, 0.07353499719950848, builtin_interfaces.msg.Time(sec=17, nanosec=137000000), 
1.067687246115455, -0.13434749113860886, 0.07306842040495377, builtin_interfaces.msg.Time(sec=17, nanosec=171000000), 
1.0608668849058784, -0.13394079743689988, 0.07260321415135758, builtin_interfaces.msg.Time(sec=17, nanosec=205000000), 
1.054069891157127, -0.13350347998360837, 0.07213947783604512, builtin_interfaces.msg.Time(sec=17, nanosec=239000000), 
1.0472975270813565, -0.13303291984825447, 0.0716773108712722, builtin_interfaces.msg.Time(sec=17, nanosec=273000000), 
1.0405508467381699, -0.13253965116624525, 0.07121681400613748, builtin_interfaces.msg.Time(sec=17, nanosec=307000000), 
1.0338307028660834, -0.13202768838503057, 0.07075805907154051, builtin_interfaces.msg.Time(sec=17, nanosec=341000000), 
1.0271378926688406, -0.1314995496993068, 0.07030110735819015, builtin_interfaces.msg.Time(sec=17, nanosec=375000000), 
1.0204731594472292, -0.13095630802798233, 0.0698460131129288, builtin_interfaces.msg.Time(sec=17, nanosec=409000000), 
1.0138372947038143, -0.13039801926496322, 0.06939282919458403, builtin_interfaces.msg.Time(sec=17, nanosec=443000000), 
1.0072305956765115, -0.12982905657566313, 0.06894159712942459, builtin_interfaces.msg.Time(sec=17, nanosec=477000000), 
1.0006527472965459, -0.12926026869871066, 0.0684923344540091, builtin_interfaces.msg.Time(sec=17, nanosec=511000000), 
0.9941047407894567, -0.12868485183387124, 0.06804506323195032, builtin_interfaces.msg.Time(sec=17, nanosec=545000000), 
0.9875861656661088, -0.1281037414748731, 0.06759978948504786, builtin_interfaces.msg.Time(sec=17, nanosec=579000000), 
0.981097713614581, -0.127519874263487, 0.06715654205492333, builtin_interfaces.msg.Time(sec=17, nanosec=613000000), 
0.9746399963359489, -0.12692322872705789, 0.06671534118064382, builtin_interfaces.msg.Time(sec=17, nanosec=647000000), 
0.9682134543462665, -0.12631626733641657, 0.06627622639072739, builtin_interfaces.msg.Time(sec=17, nanosec=681000000), 
0.9618184272077619, -0.12570165811948034, 0.06583922923217282, builtin_interfaces.msg.Time(sec=17, nanosec=715000000), 
0.9554550480053388, -0.1250824151071346, 0.06540437040334567, builtin_interfaces.msg.Time(sec=17, nanosec=749000000), 
0.9491238403658028, -0.12445673374469728, 0.06497167248645515, builtin_interfaces.msg.Time(sec=17, nanosec=783000000), 
0.9428250948721396, -0.12382306993332497, 0.06454115695351437, builtin_interfaces.msg.Time(sec=17, nanosec=817000000), 
0.936559084450391, -0.1231838815236444, 0.0641128484462689, builtin_interfaces.msg.Time(sec=17, nanosec=851000000), 
0.9303260452869304, -0.12253970181577645, 0.06368676509114778, builtin_interfaces.msg.Time(sec=17, nanosec=885000000), 
0.9241261880789439, -0.12189114089654095, 0.06326292320383535, builtin_interfaces.msg.Time(sec=17, nanosec=919000000), 
0.9179597185127955, -0.12123849778563685, 0.06284133757591652, builtin_interfaces.msg.Time(sec=17, nanosec=953000000), 
0.911826820533607, -0.1205820347582048, 0.06242202181484119, builtin_interfaces.msg.Time(sec=17, nanosec=987000000), 
0.905727657143349, -0.11992217028869052, 0.06200498844696771, builtin_interfaces.msg.Time(sec=18, nanosec=21000000), 
0.8996215270033613, -0.11965974049260476, 0.06158932277275386, builtin_interfaces.msg.Time(sec=18, nanosec=55000000), 
0.8935493061041887, -0.11939559842314036, 0.061175032445687054, builtin_interfaces.msg.Time(sec=18, nanosec=89000000), 
0.8875521741454635, -0.11832698880291947, 0.060763054831068315, builtin_interfaces.msg.Time(sec=18, nanosec=123000000), 
0.8815905431483345, -0.1172427740770018, 0.060354352530354365, builtin_interfaces.msg.Time(sec=18, nanosec=157000000), 
0.8756644947417942, -0.11654587650656179, 0.05994896347280677, builtin_interfaces.msg.Time(sec=18, nanosec=191000000), 
0.8697742852673181, -0.11584566550016046, 0.0595459979915688, builtin_interfaces.msg.Time(sec=18, nanosec=225000000), 
0.8639201040929652, -0.11514108479244156, 0.0591454680396471, builtin_interfaces.msg.Time(sec=18, nanosec=259000000), 
0.8581020336708782, -0.11443383918078352, 0.05874738558870633, builtin_interfaces.msg.Time(sec=18, nanosec=293000000), 
0.8523200227150212, -0.11372628801905875, 0.05835175563752094, builtin_interfaces.msg.Time(sec=18, nanosec=327000000), 
0.8465738689281884, -0.11302122296754712, 0.05795857430711933, builtin_interfaces.msg.Time(sec=18, nanosec=361000000), 
0.8408630309439117, -0.11232344873636746, 0.05756782357864142, builtin_interfaces.msg.Time(sec=18, nanosec=395000000), 
0.8351874937934032, -0.11163112877240433, 0.057179486256418076, builtin_interfaces.msg.Time(sec=18, nanosec=429000000), 
0.8295461988366836, -0.11094933438458936, 0.05679352573434397, builtin_interfaces.msg.Time(sec=18, nanosec=463000000), 
0.823939288141829, -0.11027652599582488, 0.05640992089749675, builtin_interfaces.msg.Time(sec=18, nanosec=497000000), 
0.8183665338739651, -0.10960455845802446, 0.0560286458059895, builtin_interfaces.msg.Time(sec=18, nanosec=531000000), 
0.8128278784605104, -0.10893538903253557, 0.05564969721079624, builtin_interfaces.msg.Time(sec=18, nanosec=565000000), 
0.8073232633323867, -0.1082673582507685, 0.05527306731511555, builtin_interfaces.msg.Time(sec=18, nanosec=599000000), 
0.8018526326317782, -0.10760044930129624, 0.05489875222029264, builtin_interfaces.msg.Time(sec=18, nanosec=633000000), 
0.7964159178254164, -0.10693475987225741, 0.054526747779230514, builtin_interfaces.msg.Time(sec=18, nanosec=667000000), 
0.7910130373235029, -0.10627054223799287, 0.054157049323029144, builtin_interfaces.msg.Time(sec=18, nanosec=701000000), 
0.7856439057334198, -0.10560796168624147, 0.05378965151333303, builtin_interfaces.msg.Time(sec=18, nanosec=735000000), 
0.7803084326473678, -0.10494710466799116, 0.05342454851596392, builtin_interfaces.msg.Time(sec=18, nanosec=769000000), 
0.7750066972148951, -0.10428635802475172, 0.05306173814016881, builtin_interfaces.msg.Time(sec=18, nanosec=803000000), 
0.7697390845004415, -0.1036210602639837, 0.052701228858887963, builtin_interfaces.msg.Time(sec=18, nanosec=837000000), 
0.76450552260761, -0.10295269222828596, 0.05234302956465346, builtin_interfaces.msg.Time(sec=18, nanosec=871000000), 
0.7593064487084683, -0.10228074305856055, 0.05198715726517445, builtin_interfaces.msg.Time(sec=18, nanosec=905000000), 
0.7541419301531666, -0.10160384759258238, 0.05163362176663622, builtin_interfaces.msg.Time(sec=18, nanosec=939000000), 
0.7490116650310847, -0.10092925173905458, 0.05128242766156831, builtin_interfaces.msg.Time(sec=18, nanosec=973000000), 
0.7439155722438388, -0.10025841087576272, 0.050933567795036716, builtin_interfaces.msg.Time(sec=19, nanosec=7000000), 
0.7388534425181047, -0.09959041679392196, 0.05058702874197531, builtin_interfaces.msg.Time(sec=19, nanosec=41000000), 
0.733824597467249, -0.09893112526068344, 0.050242788543861695, builtin_interfaces.msg.Time(sec=19, nanosec=75000000), 
0.7288289860895856, -0.09827898459332474, 0.049900825924365295, builtin_interfaces.msg.Time(sec=19, nanosec=109000000), 
0.7238658074301612, -0.09763519644203807, 0.049561106195705244, builtin_interfaces.msg.Time(sec=19, nanosec=143000000), 
0.7189348728203862, -0.09700111048234727, 0.04922360577037634, builtin_interfaces.msg.Time(sec=19, nanosec=177000000), 
0.7140358316008246, -0.09637231205231896, 0.0488882942686311, builtin_interfaces.msg.Time(sec=19, nanosec=211000000), 
0.7091685195726106, -0.09574856125270126, 0.048555155743859955, builtin_interfaces.msg.Time(sec=19, nanosec=245000000), 
0.7043327655295611, -0.09512809873787724, 0.048224174645267924, builtin_interfaces.msg.Time(sec=19, nanosec=279000000), 
0.699528427173149, -0.09451070979864333, 0.04789534014490727, builtin_interfaces.msg.Time(sec=19, nanosec=313000000), 
0.6947553936226278, -0.09389580300915006, 0.04756864262337434, builtin_interfaces.msg.Time(sec=19, nanosec=347000000), 
0.6900138129645111, -0.09328053145723392, 0.04724407969856653, builtin_interfaces.msg.Time(sec=19, nanosec=381000000), 
0.6853035627846857, -0.09266500821511862, 0.046921649439094694, builtin_interfaces.msg.Time(sec=19, nanosec=415000000), 
0.6806249690247768, -0.09204748960523902, 0.046601359814876744, builtin_interfaces.msg.Time(sec=19, nanosec=449000000), 
0.675977781235522, -0.09142923087415437, 0.046283209762352985, builtin_interfaces.msg.Time(sec=19, nanosec=483000000), 
0.6713622230715104, -0.09081123483594482, 0.04596720606218768, builtin_interfaces.msg.Time(sec=19, nanosec=517000000), 
0.6667779361190014, -0.09019455996588834, 0.0456533399829901, builtin_interfaces.msg.Time(sec=19, nanosec=551000000), 
0.6622249399174444, -0.08958120739280424, 0.045341608913113673, builtin_interfaces.msg.Time(sec=19, nanosec=585000000), 
0.6577027092289573, -0.0889728126474905, 0.045031993266015806, builtin_interfaces.msg.Time(sec=19, nanosec=619000000), 
0.6532112755203052, -0.08836925879548167, 0.04472448229244536, builtin_interfaces.msg.Time(sec=19, nanosec=653000000), 
0.6487499018577101, -0.08777262128673785, 0.04441904809642472, builtin_interfaces.msg.Time(sec=19, nanosec=687000000), 
0.6443184884565955, -0.0871841868991154, 0.044115672425584514, builtin_interfaces.msg.Time(sec=19, nanosec=721000000), 
0.6399166102181231, -0.08660089842732367, 0.043814326678735055, builtin_interfaces.msg.Time(sec=19, nanosec=755000000), 
0.6355440309514845, -0.08602409318736241, 0.0435149936048606, builtin_interfaces.msg.Time(sec=19, nanosec=789000000), 
0.6312004424754412, -0.08545262492825405, 0.04321765122928777, builtin_interfaces.msg.Time(sec=19, nanosec=823000000), 
0.6268856681221354, -0.08488591009165748, 0.04292228320844539, builtin_interfaces.msg.Time(sec=19, nanosec=857000000), 
0.6225996384151928, -0.0843216084338071, 0.04262887697762277, builtin_interfaces.msg.Time(sec=19, nanosec=891000000), 
0.6183422726554701, -0.08375877908495362, 0.042337425128370104, builtin_interfaces.msg.Time(sec=19, nanosec=925000000), 
0.6141135076213944, -0.08319736072351423, 0.042047922823686634, builtin_interfaces.msg.Time(sec=19, nanosec=959000000), 
0.6099133939853112, -0.08263606539371526, 0.04176036794994265, builtin_interfaces.msg.Time(sec=19, nanosec=993000000), 
0.6057416513383126, -0.0820770223831548, 0.04147475386675375, builtin_interfaces.msg.Time(sec=20, nanosec=27000000), 
0.6015985691152816, -0.08151789088264261, 0.04119108192728186, builtin_interfaces.msg.Time(sec=20, nanosec=61000000), 
0.5974836863132945, -0.08096044142174584, 0.040909341886716154, builtin_interfaces.msg.Time(sec=20, nanosec=95000000), 
0.593397021919926, -0.08040732544466271, 0.04062953028656605, builtin_interfaces.msg.Time(sec=20, nanosec=129000000), 
0.5893384539258864, -0.07985521948439375, 0.04035163434227309, builtin_interfaces.msg.Time(sec=20, nanosec=163000000), 
0.5853075168475818, -0.07930887325827739, 0.04007564116771693, builtin_interfaces.msg.Time(sec=20, nanosec=197000000), 
0.5813040097599808, -0.07876906045005487, 0.03980153289209151, builtin_interfaces.msg.Time(sec=20, nanosec=231000000), 
0.5773278499663024, -0.07823202824783704, 0.039529292535674276, builtin_interfaces.msg.Time(sec=20, nanosec=265000000), 
0.573378500926555, -0.07770106699437057, 0.039258901508131, builtin_interfaces.msg.Time(sec=20, nanosec=299000000), 
0.569455923644227, -0.0771757482556406, 0.03899034488950725, builtin_interfaces.msg.Time(sec=20, nanosec=333000000), 
0.5655596766671487, -0.07665513979810075, 0.03872359962805976, builtin_interfaces.msg.Time(sec=20, nanosec=367000000), 
0.5616896710360726, -0.07613973145249454, 0.03845865281720883, builtin_interfaces.msg.Time(sec=20, nanosec=401000000), 
0.5578457564324077, -0.07562666896804837, 0.03819548902707426, builtin_interfaces.msg.Time(sec=20, nanosec=435000000), 
0.5540277768731865, -0.07511660944005975, 0.037934099298411114, builtin_interfaces.msg.Time(sec=20, nanosec=469000000), 
0.550235673671389, -0.07460865451979128, 0.03767447535814496, builtin_interfaces.msg.Time(sec=20, nanosec=503000000), 
0.5464692918116137, -0.07410279472130148, 0.03741660882674029, builtin_interfaces.msg.Time(sec=20, nanosec=537000000), 
0.542728533649686, -0.07359941197748089, 0.03716049264700762, builtin_interfaces.msg.Time(sec=20, nanosec=571000000), 
0.5390134351296354, -0.0730966341370426, 0.036906121906727866, builtin_interfaces.msg.Time(sec=20, nanosec=605000000), 
0.5353237983493733, -0.07259544412071288, 0.03665349072158375, builtin_interfaces.msg.Time(sec=20, nanosec=639000000), 
0.5316593963571903, -0.0720984193376972, 0.03640259027628718, builtin_interfaces.msg.Time(sec=20, nanosec=673000000), 
0.5280203254584048, -0.0716026754016514, 0.036153413123739285, builtin_interfaces.msg.Time(sec=20, nanosec=707000000), 
0.5244060685957741, -0.07111105648447238, 0.0359059445826577, builtin_interfaces.msg.Time(sec=20, nanosec=741000000), 
0.5208167121802628, -0.07062365958962752, 0.03566017707464735, builtin_interfaces.msg.Time(sec=20, nanosec=775000000), 
0.5172518813241918, -0.07013909089786613, 0.035416092340938524, builtin_interfaces.msg.Time(sec=20, nanosec=809000000), 
0.5137113041420583, -0.06966086311965171, 0.03517367767998763, builtin_interfaces.msg.Time(sec=20, nanosec=843000000), 
0.5101948482743762, -0.06918659852760324, 0.03493291543145421, builtin_interfaces.msg.Time(sec=20, nanosec=877000000), 
0.5067023410652401, -0.06871532428253134, 0.03469379251891796, builtin_interfaces.msg.Time(sec=20, nanosec=911000000), 
0.5032334659588198, -0.06824884623094539, 0.03445629485343122, builtin_interfaces.msg.Time(sec=20, nanosec=945000000), 
0.49978812435952324, -0.06778643829134218, 0.034220409111361226, builtin_interfaces.msg.Time(sec=20, nanosec=979000000), 
0.4963662348072495, -0.06732579560363024, 0.0339861240361801, builtin_interfaces.msg.Time(sec=21, nanosec=13000000), 
0.4929674692992146, -0.066869167257928, 0.03375342811189572, builtin_interfaces.msg.Time(sec=21, nanosec=47000000), 
0.4895919737021724, -0.06641432455957957, 0.033522315363662424, builtin_interfaces.msg.Time(sec=21, nanosec=81000000), 
0.48623937859573835, -0.06596167356349257, 0.033292773289534845, builtin_interfaces.msg.Time(sec=21, nanosec=115000000), 
0.482909823835084, -0.06551127320674874, 0.03306479999234788, builtin_interfaces.msg.Time(sec=21, nanosec=149000000), 
0.47960300995073935, -0.06506243769606863, 0.032838383480648735, builtin_interfaces.msg.Time(sec=21, nanosec=183000000), 
0.47631904861027335, -0.0646154433804967, 0.03261352266764486, builtin_interfaces.msg.Time(sec=21, nanosec=217000000), 
0.4730574647164577, -0.06417201210080035, 0.03239020252762266, builtin_interfaces.msg.Time(sec=21, nanosec=251000000), 
0.46981843591250994, -0.06373149703689626, 0.0321684188494228, builtin_interfaces.msg.Time(sec=21, nanosec=285000000), 
0.4666016057573217, -0.06329273489349048, 0.03194815681142256, builtin_interfaces.msg.Time(sec=21, nanosec=319000000), 
0.46340685965810613, -0.06285859072944906, 0.031729409763433254, builtin_interfaces.msg.Time(sec=21, nanosec=353000000), 
0.460234059719577, -0.0624269219386735, 0.03151216390306011, builtin_interfaces.msg.Time(sec=21, nanosec=387000000), 
0.4570828063929505, -0.062000522207408, 0.03129640445080103, builtin_interfaces.msg.Time(sec=21, nanosec=421000000), 
0.4539531778774949, -0.06157727296158908, 0.031082120997107172, builtin_interfaces.msg.Time(sec=21, nanosec=455000000), 
0.45084475504316246, -0.06115736617439268, 0.030869296757775114, builtin_interfaces.msg.Time(sec=21, nanosec=489000000), 
0.4477575826169823, -0.06074113000502559, 0.030657925018853168, builtin_interfaces.msg.Time(sec=21, nanosec=523000000), 
0.4446913646290605, -0.06032735700099956, 0.03044799058522199, builtin_interfaces.msg.Time(sec=21, nanosec=557000000), 
0.44164608866326144, -0.05991660738942008, 0.030239487480610897, builtin_interfaces.msg.Time(sec=21, nanosec=591000000), 
0.4386215487971247, -0.05950799835231154, 0.03003240404736079, builtin_interfaces.msg.Time(sec=21, nanosec=625000000), 
0.43561776312233447, -0.059101230793401675, 0.02982673574654167, builtin_interfaces.msg.Time(sec=21, nanosec=659000000), 
0.4326344102810752, -0.05869743643185823, 0.029622471036545448, builtin_interfaces.msg.Time(sec=21, nanosec=693000000), 
0.429671594563599, -0.05829577018368113, 0.029419605407252195, builtin_interfaces.msg.Time(sec=21, nanosec=727000000), 
0.4267290570747591, -0.057895619669765454, 0.029218128070173825, builtin_interfaces.msg.Time(sec=21, nanosec=761000000), 
0.42380671369536593, -0.05749883204150056, 0.02901803361423108, builtin_interfaces.msg.Time(sec=21, nanosec=795000000), 
0.4209045313822585, -0.05710319306373174, 0.028819313515454033, builtin_interfaces.msg.Time(sec=21, nanosec=829000000), 
0.41802214403278043, -0.05671146728025003, 0.028621956819835846, builtin_interfaces.msg.Time(sec=21, nanosec=863000000), 
0.4151596419990695, -0.05632244493322505, 0.028425956528053124, builtin_interfaces.msg.Time(sec=21, nanosec=897000000), 
0.4123167510942394, -0.05593522488765739, 0.028231300174858028, builtin_interfaces.msg.Time(sec=21, nanosec=931000000), 
0.4094933089662318, -0.05555228463566373, 0.02803797991334959, builtin_interfaces.msg.Time(sec=21, nanosec=965000000), 
0.4066891821469984, -0.055172244580793915, 0.027845982823369315, builtin_interfaces.msg.Time(sec=21, nanosec=999000000), 
0.4039042664850946, -0.05479453412879637, 0.027655299838895364, builtin_interfaces.msg.Time(sec=22, nanosec=33000000), 
0.40113832924516973, -0.054420126488516296, 0.02746592029855129, builtin_interfaces.msg.Time(sec=22, nanosec=67000000), 
0.39839129985000676, -0.05404869250086101, 0.027277834966486145, builtin_interfaces.msg.Time(sec=22, nanosec=101000000), 
0.39566302699964256, -0.053679433779678126, 0.027091033538149237, builtin_interfaces.msg.Time(sec=22, nanosec=135000000), 
0.3929533316126753, -0.053313414091484775, 0.026905506925146025, builtin_interfaces.msg.Time(sec=22, nanosec=169000000), 
0.3902622405068966, -0.05294888718378379, 0.026721248246702193, builtin_interfaces.msg.Time(sec=22, nanosec=203000000), 
0.3875894471312304, -0.05258710275926396, 0.02653824710301819, builtin_interfaces.msg.Time(sec=22, nanosec=237000000), 
0.38493501684797427, -0.0522276829306113, 0.026356498635018294, builtin_interfaces.msg.Time(sec=22, nanosec=271000000), 
0.3822987604182173, -0.05186947757855962, 0.026175993086341564, builtin_interfaces.msg.Time(sec=22, nanosec=305000000), 
0.3796806057344832, -0.05151383444599083, 0.025996726014681962, builtin_interfaces.msg.Time(sec=22, nanosec=339000000), 
0.3770804699664465, -0.051159710311478444, 0.02581868961870067, builtin_interfaces.msg.Time(sec=22, nanosec=373000000), 
0.37449807170871635, -0.05080915711536127, 0.025641874007951978, builtin_interfaces.msg.Time(sec=22, nanosec=407000000), 
0.3719334897947961, -0.05046058991814101, 0.025466272713319072, builtin_interfaces.msg.Time(sec=22, nanosec=441000000), 
0.36938647235358507, -0.05011371916795373, 0.025291875434094214, builtin_interfaces.msg.Time(sec=22, nanosec=475000000), 
0.3668569393670584, -0.04977010223272301, 0.02511867643434997, builtin_interfaces.msg.Time(sec=22, nanosec=509000000), 
0.36434470080806547, -0.049429132799211774, 0.02494666388398407, builtin_interfaces.msg.Time(sec=22, nanosec=543000000), 
0.36184971650785275, -0.04909042018829048, 0.024775830751480803, builtin_interfaces.msg.Time(sec=22, nanosec=577000000), 
0.3593717461908165, -0.04875445703185243, 0.024606166372819326, builtin_interfaces.msg.Time(sec=22, nanosec=611000000), 
0.35691074072572154, -0.04842133119736475, 0.024437663277619526, builtin_interfaces.msg.Time(sec=22, nanosec=645000000), 
0.3544665485982354, -0.04809017247628552, 0.0242703114716682, builtin_interfaces.msg.Time(sec=22, nanosec=679000000), 
0.35203906134199414, -0.047761562585562745, 0.024104103948428227, builtin_interfaces.msg.Time(sec=22, nanosec=713000000), 
0.34962817091834114, -0.04743507529308094, 0.023939032366127603, builtin_interfaces.msg.Time(sec=22, nanosec=747000000), 
0.3472337263190341, -0.04711112767607886, 0.023775088394465706, builtin_interfaces.msg.Time(sec=22, nanosec=781000000), 
0.3448556914586305, -0.046789014310888756, 0.023612265343776133, builtin_interfaces.msg.Time(sec=22, nanosec=815000000), 
0.34249399924132645, -0.04646791252654553, 0.02345055745243047, builtin_interfaces.msg.Time(sec=22, nanosec=849000000), 
0.34014846761538886, -0.046149253365113975, 0.02328995825514784, builtin_interfaces.msg.Time(sec=22, nanosec=883000000), 
0.3378190074387821, -0.04583325296612084, 0.023130460084031277, builtin_interfaces.msg.Time(sec=22, nanosec=917000000), 
0.3355055770997969, -0.04551853446658793, 0.022972055848823274, builtin_interfaces.msg.Time(sec=22, nanosec=951000000), 
0.3332079485586904, -0.04520645960874239, 0.022814737416871442, builtin_interfaces.msg.Time(sec=22, nanosec=985000000), 
0.33092614938082454, -0.044896350186003436, 0.02265849930089107, builtin_interfaces.msg.Time(sec=23, nanosec=19000000), 
0.32865993398093224, -0.04458837821331533, 0.022503331390196803, builtin_interfaces.msg.Time(sec=23, nanosec=53000000), 
0.326409299488629, -0.04428284208034832, 0.02234922867794208, builtin_interfaces.msg.Time(sec=23, nanosec=87000000), 
0.32417405078874745, -0.04397924698220384, 0.022196181109855, builtin_interfaces.msg.Time(sec=23, nanosec=121000000), 
0.3219541114905824, -0.04367831370633938, 0.022044182466740402, builtin_interfaces.msg.Time(sec=23, nanosec=155000000), 
0.319749405293764, -0.0433788774017985, 0.021893224864990127, builtin_interfaces.msg.Time(sec=23, nanosec=189000000), 
0.31755976020004434, -0.04308187539743193, 0.021743300944979525, builtin_interfaces.msg.Time(sec=23, nanosec=223000000), 
0.31538509757306815, -0.04278733059505733, 0.021594403296182535, builtin_interfaces.msg.Time(sec=23, nanosec=257000000), 
0.31322530881350197, -0.042494621436689896, 0.02144652377596326, builtin_interfaces.msg.Time(sec=23, nanosec=291000000), 
0.3110802428279663, -0.042204458285312135, 0.02129965471552949, builtin_interfaces.msg.Time(sec=23, nanosec=325000000), 
0.308949934764464, -0.041915431853313666, 0.02115379102520113, builtin_interfaces.msg.Time(sec=23, nanosec=359000000), 
0.3068341570980265, -0.04162829146999789, 0.021008924919650358, builtin_interfaces.msg.Time(sec=23, nanosec=393000000), 
0.3047329078244138, -0.041343401373040795, 0.020865051992903165, builtin_interfaces.msg.Time(sec=23, nanosec=427000000), 
0.30264605940993705, -0.04105978125577917, 0.020722164151533887, builtin_interfaces.msg.Time(sec=23, nanosec=461000000), 
0.30057349489293417, -0.040778558151761214, 0.02058025580821846, builtin_interfaces.msg.Time(sec=23, nanosec=495000000), 
0.2985151818944987, -0.04049879917096408, 0.020439320687140387, builtin_interfaces.msg.Time(sec=23, nanosec=529000000), 
0.2964709064266204, -0.040221455552095914, 0.020299350552851876, builtin_interfaces.msg.Time(sec=23, nanosec=563000000), 
0.29444070454177207, -0.03994585639928084, 0.020160340638225534, builtin_interfaces.msg.Time(sec=23, nanosec=597000000), 
0.292424350344063, -0.039672118456444944, 0.02002228178974899, builtin_interfaces.msg.Time(sec=23, nanosec=631000000), 
0.29042184485566264, -0.03940058515793562, 0.01988516972747395, builtin_interfaces.msg.Time(sec=23, nanosec=665000000), 
0.2884330620829363, -0.03913027706986973, 0.019748996498407008, builtin_interfaces.msg.Time(sec=23, nanosec=699000000), 
0.2864578964864052, -0.03886223891428875, 0.019613756877633427, builtin_interfaces.msg.Time(sec=23, nanosec=733000000), 
0.28449631069307973, -0.03859560186133874, 0.019479444769948215, builtin_interfaces.msg.Time(sec=23, nanosec=767000000), 
0.28254810651734824, -0.03833127420644061, 0.019346052443794885, builtin_interfaces.msg.Time(sec=23, nanosec=801000000), 
0.2806133149331307, -0.03806858588185341, 0.019213575261920666, builtin_interfaces.msg.Time(sec=23, nanosec=835000000), 
0.27869170368244617, -0.03780787093041248, 0.019082004169679638, builtin_interfaces.msg.Time(sec=23, nanosec=869000000), 
0.27678327774004463, -0.037549384245941723, 0.01895133471739409, builtin_interfaces.msg.Time(sec=23, nanosec=903000000), 
0.27488791001886737, -0.03729209474096865, 0.01882155887267079, builtin_interfaces.msg.Time(sec=23, nanosec=937000000), 
0.27300549058636253, -0.03703712895766764, 0.018692671375826225, builtin_interfaces.msg.Time(sec=23, nanosec=971000000), 
0.2711360138666726, -0.03678329560975283, 0.01856466672802979, builtin_interfaces.msg.Time(sec=24, nanosec=5000000), 
0.2692792406561255, -0.03653186206114719, 0.018437536889140977, builtin_interfaces.msg.Time(sec=24, nanosec=39000000), 
0.2674352711289479, -0.036281791546320524, 0.018311278581439574, builtin_interfaces.msg.Time(sec=24, nanosec=73000000), 
0.26560385694438854, -0.036033173644480186, 0.01818588302453447, builtin_interfaces.msg.Time(sec=24, nanosec=107000000), 
0.2637850541764965, -0.03578644071030764, 0.018061348130996215, builtin_interfaces.msg.Time(sec=24, nanosec=141000000), 
0.26197868449921985, -0.035540906325183225, 0.01793766550072238, builtin_interfaces.msg.Time(sec=24, nanosec=175000000), 
0.2601847023096094, -0.035297567322422736, 0.017814831329000715, builtin_interfaces.msg.Time(sec=24, nanosec=209000000), 
0.25840304105234796, -0.03505532791050872, 0.017692839031520018, builtin_interfaces.msg.Time(sec=24, nanosec=243000000), 
0.256633569642451, -0.034815026148611726, 0.01757168309476659, builtin_interfaces.msg.Time(sec=24, nanosec=277000000), 
0.2548762236741739, -0.03457664096249081, 0.017451357579030054, builtin_interfaces.msg.Time(sec=24, nanosec=311000000), 
0.25313088665556355, -0.03434002928321019, 0.017331855412702938, builtin_interfaces.msg.Time(sec=24, nanosec=345000000), 
0.25139751000732025, -0.03410503594954559, 0.017213171394306642, builtin_interfaces.msg.Time(sec=24, nanosec=379000000), 
0.2496759925396755, -0.03387151094007878, 0.017095299488591346, builtin_interfaces.msg.Time(sec=24, nanosec=413000000), 
0.2479662707577152, -0.033639600486323855, 0.01697823486157345, builtin_interfaces.msg.Time(sec=24, nanosec=447000000), 
0.2462682561519654, -0.03340918027166773, 0.016861971774185403, builtin_interfaces.msg.Time(sec=24, nanosec=481000000), 
0.2445819055690147, -0.03318005086961274, 0.01674650580285043, builtin_interfaces.msg.Time(sec=24, nanosec=515000000), 
0.24290705871964802, -0.03295291600311163, 0.016631830329987572, builtin_interfaces.msg.Time(sec=24, nanosec=549000000), 
0.2412437058822152, -0.03272744790979921, 0.016517940523873235, builtin_interfaces.msg.Time(sec=24, nanosec=583000000), 
0.23959173814677892, -0.03250314287126565, 0.016404830062302558, builtin_interfaces.msg.Time(sec=24, nanosec=617000000), 
0.2379511022529629, -0.03228042773776759, 0.016292495049057693, builtin_interfaces.msg.Time(sec=24, nanosec=651000000), 
0.23632168274627172, -0.03205936667163926, 0.016180929191309642, builtin_interfaces.msg.Time(sec=24, nanosec=685000000), 
0.23470343572037877, -0.03183986796651103, 0.016070127669644572, builtin_interfaces.msg.Time(sec=24, nanosec=719000000), 
0.23309628342111016, -0.03162156201138778, 0.01596008510945591, builtin_interfaces.msg.Time(sec=24, nanosec=753000000), 
0.23150011357297728, -0.03140511909217145, 0.015850796208194566, builtin_interfaces.msg.Time(sec=24, nanosec=787000000), 
0.22991490516166593, -0.031189982935727726, 0.01574225618219708, builtin_interfaces.msg.Time(sec=24, nanosec=821000000), 
0.2283405120877694, -0.030976485149096917, 0.015634458698641353, builtin_interfaces.msg.Time(sec=24, nanosec=855000000), 
0.22677693908540875, -0.030764373296639086, 0.015527400076923133, builtin_interfaces.msg.Time(sec=24, nanosec=889000000), 
0.22522403962373877, -0.030553651608143412, 0.015421073791396785, builtin_interfaces.msg.Time(sec=24, nanosec=923000000), 
0.22368182314559149, -0.030344273919777065, 0.015315476842040751, builtin_interfaces.msg.Time(sec=24, nanosec=957000000), 
0.22215012246174975, -0.030136442764598186, 0.015210602331904481, builtin_interfaces.msg.Time(sec=24, nanosec=991000000), 
0.22062892932039282, -0.02993033161959471, 0.015106446498361974, builtin_interfaces.msg.Time(sec=25, nanosec=25000000), 
0.21911817682803236, -0.029724957193307765, 0.015003003848497301, builtin_interfaces.msg.Time(sec=25, nanosec=59000000), 
0.21761773650619626, -0.029521498178397717, 0.014900269766838089, builtin_interfaces.msg.Time(sec=25, nanosec=93000000), 
0.2161276039595902, -0.029319341847472313, 0.014798239725326562, builtin_interfaces.msg.Time(sec=25, nanosec=127000000), 
0.2146476424004072, -0.029118569664598536, 0.014696907611633723, builtin_interfaces.msg.Time(sec=25, nanosec=161000000), 
0.2131778718532172, -0.028918942219342905, 0.014596270679499533, builtin_interfaces.msg.Time(sec=25, nanosec=195000000), 
0.21171809398427024, -0.02872106290330355, 0.014496321786725615, builtin_interfaces.msg.Time(sec=25, nanosec=229000000), 
0.21026834527571023, -0.028524770367715512, 0.014397057718565816, builtin_interfaces.msg.Time(sec=25, nanosec=263000000), 
0.20882852822502115, -0.028329076071069517, 0.014298472596326705, builtin_interfaces.msg.Time(sec=25, nanosec=297000000), 
0.20739857531991898, -0.028134999566580842, 0.014200563506601408, builtin_interfaces.msg.Time(sec=25, nanosec=331000000), 
0.2059784332792414, -0.02794210731156625, 0.014103325501348116, builtin_interfaces.msg.Time(sec=25, nanosec=365000000), 
0.20456798013748362, -0.027750933161131013, 0.014006753078030598, builtin_interfaces.msg.Time(sec=25, nanosec=399000000), 
0.20316724465885103, -0.027560672748925198, 0.013910842916379725, builtin_interfaces.msg.Time(sec=25, nanosec=433000000), 
0.20177602306368325, -0.02737212817451339, 0.013815588284827072, builtin_interfaces.msg.Time(sec=25, nanosec=467000000), 
0.20039435877516307, -0.027185155722430965, 0.013720986200614476, builtin_interfaces.msg.Time(sec=25, nanosec=501000000), 
0.19902216612226076, -0.026998597464926416, 0.013627031087118428, builtin_interfaces.msg.Time(sec=25, nanosec=535000000), 
0.19765937025875382, -0.02681361290597296, 0.013533720290206695, builtin_interfaces.msg.Time(sec=25, nanosec=569000000), 
0.19630593607429864, -0.026629706352569806, 0.013441049375653769, builtin_interfaces.msg.Time(sec=25, nanosec=603000000), 
0.19496172478476062, -0.026447504646992196, 0.013349012705337098, builtin_interfaces.msg.Time(sec=25, nanosec=637000000), 
0.19362674586690445, -0.026266570660727285, 0.013257606552455179, builtin_interfaces.msg.Time(sec=25, nanosec=671000000), 
0.1923008882584101, -0.02608663261127959, 0.013166825468628372, builtin_interfaces.msg.Time(sec=25, nanosec=705000000), 
0.19098411447884556, -0.025908150863322515, 0.013076666301694299, builtin_interfaces.msg.Time(sec=25, nanosec=739000000), 
0.18967637466668438, -0.025730525409075677, 0.012987124554489308, builtin_interfaces.msg.Time(sec=25, nanosec=773000000), 
0.18837758595328674, -0.02555420123096878, 0.012898196368906512, builtin_interfaces.msg.Time(sec=25, nanosec=807000000), 
0.1870877169500158, -0.025378997222240976, 0.012809878024919704, builtin_interfaces.msg.Time(sec=25, nanosec=841000000), 
0.18580663564806452, -0.0252053951492375, 0.012722163940497654, builtin_interfaces.msg.Time(sec=25, nanosec=875000000), 
0.18453432716549192, -0.025033233181606662, 0.012635050074640972, builtin_interfaces.msg.Time(sec=25, nanosec=909000000), 
0.1832707545811924, -0.02486157908698146, 0.01254853226094764, builtin_interfaces.msg.Time(sec=25, nanosec=943000000), 
0.1820158250913937, -0.02469119680488464, 0.012462607221663103, builtin_interfaces.msg.Time(sec=25, nanosec=977000000), 
0.18076952486826287, -0.02452185993068179, 0.01237727170292591, builtin_interfaces.msg.Time(sec=26, nanosec=11000000), 
0.1795317124268947, -0.02435404573038229, 0.012292520080761827, builtin_interfaces.msg.Time(sec=26, nanosec=45000000), 
0.17830240283429855, -0.024187470921218823, 0.012208349176267671, builtin_interfaces.msg.Time(sec=26, nanosec=79000000), 
0.17708148948828964, -0.024021793515735846, 0.012124753707654945, builtin_interfaces.msg.Time(sec=26, nanosec=113000000), 
0.17586895157904023, -0.023857365247630564, 0.012041731128436912, builtin_interfaces.msg.Time(sec=26, nanosec=147000000), 
0.17466473481044534, -0.023693673312199032, 0.011959277319896239, builtin_interfaces.msg.Time(sec=26, nanosec=181000000), 
0.17346873698457702, -0.023531515631992277, 0.01187738826314542, builtin_interfaces.msg.Time(sec=26, nanosec=215000000), 
0.1722809739660814, -0.023370204356509064, 0.011796060770585018, builtin_interfaces.msg.Time(sec=26, nanosec=249000000), 
0.17110127859893384, -0.023210376329835025, 0.011715289096457426, builtin_interfaces.msg.Time(sec=26, nanosec=283000000), 
0.16992968907231468, -0.023051812683987608, 0.011635070677112813, builtin_interfaces.msg.Time(sec=26, nanosec=317000000), 
0.16876614476018034, -0.022893469007387257, 0.01155540121511239, builtin_interfaces.msg.Time(sec=26, nanosec=351000000), 
0.16761052836643567, -0.02273686966548048, 0.011476277543175763, builtin_interfaces.msg.Time(sec=26, nanosec=385000000), 
0.16646285145964113, -0.02258130686803153, 0.011397695890621829, builtin_interfaces.msg.Time(sec=26, nanosec=419000000), 
0.16532302552497505, -0.02242649844569235, 0.01131965185462384, builtin_interfaces.msg.Time(sec=26, nanosec=453000000), 
0.16419100496709066, -0.022273004828926145, 0.011242142657572021, builtin_interfaces.msg.Time(sec=26, nanosec=487000000), 
0.163066761381904, -0.02212023669677485, 0.011165164615809981, builtin_interfaces.msg.Time(sec=26, nanosec=521000000), 
0.16195018771277145, -0.021968796610972657, 0.011088713625400032, builtin_interfaces.msg.Time(sec=26, nanosec=555000000), 
0.16084130564809349, -0.02181819346873066, 0.011012787107502765, builtin_interfaces.msg.Time(sec=26, nanosec=589000000), 
0.1597399531910786, -0.021668965898949618, 0.010937379455177388, builtin_interfaces.msg.Time(sec=26, nanosec=623000000), 
0.158646168145399, -0.02152095590876944, 0.010862488344983613, builtin_interfaces.msg.Time(sec=26, nanosec=657000000), 
0.15756732662116682, -0.021300260489331053, 0.010788278153706607, builtin_interfaces.msg.Time(sec=26, nanosec=691000000), 
0.1564884600021135, -0.02115400140475983, 0.010714577641423398, builtin_interfaces.msg.Time(sec=26, nanosec=725000000), 
0.15541695035143177, -0.021082120291520085, 0.010641382038093474, builtin_interfaces.msg.Time(sec=26, nanosec=759000000), 
0.15435276963956, -0.02093814080934814, 0.010568518746510387, builtin_interfaces.msg.Time(sec=26, nanosec=793000000), 
0.15329586425509414, -0.02079496172880026, 0.01049615324291128, builtin_interfaces.msg.Time(sec=26, nanosec=827000000), 
0.15224622431305707, -0.020652405161793366, 0.01042428345270812, builtin_interfaces.msg.Time(sec=26, nanosec=861000000), 
0.15120375367923494, -0.020510887998619623, 0.01035290575760742, builtin_interfaces.msg.Time(sec=26, nanosec=895000000), 
0.15016845216547453, -0.020370315172377793, 0.01028201775024271, builtin_interfaces.msg.Time(sec=26, nanosec=929000000), 
0.14914017461531703, -0.020231167293312827, 0.010211613957093935, builtin_interfaces.msg.Time(sec=26, nanosec=963000000), 
0.1481190069902708, -0.02009259975689925, 0.010141693032144081, builtin_interfaces.msg.Time(sec=26, nanosec=997000000), 
0.14710478744909436, -0.01995477613943798, 0.010072249965239465, builtin_interfaces.msg.Time(sec=27, nanosec=31000000), 
0.1460975020328426, -0.019818676053217642, 0.010003282720036711, builtin_interfaces.msg.Time(sec=27, nanosec=65000000), 
0.14509716418949045, -0.0196825809765089, 0.009934787616552355, builtin_interfaces.msg.Time(sec=27, nanosec=99000000), 
0.14410365288037644, -0.019547540710452654, 0.009866761899661415, builtin_interfaces.msg.Time(sec=27, nanosec=133000000), 
0.14311697770665985, -0.019413592968927487, 0.00979920334826794, builtin_interfaces.msg.Time(sec=27, nanosec=167000000), 
0.1421369874225607, -0.019281033900154274, 0.009732106008217532, builtin_interfaces.msg.Time(sec=27, nanosec=201000000), 
0.14116377095000673, -0.019149085849540334, 0.009665468684462485, builtin_interfaces.msg.Time(sec=27, nanosec=235000000), 
0.14019717940930876, -0.019017725620117082, 0.009599286589722526, builtin_interfaces.msg.Time(sec=27, nanosec=269000000), 
0.13923722985319462, -0.018887657811883507, 0.009533558751483564, builtin_interfaces.msg.Time(sec=27, nanosec=303000000), 
0.13828383274196132, -0.018758300660268994, 0.0094682801521012, builtin_interfaces.msg.Time(sec=27, nanosec=337000000), 
0.137336989258949, -0.0186298097475061, 0.009403449175359712, builtin_interfaces.msg.Time(sec=27, nanosec=371000000), 
0.13639659546992253, -0.018502326196458765, 0.009339061462672212, builtin_interfaces.msg.Time(sec=27, nanosec=405000000), 
0.13546269750070603, -0.018375409394538907, 0.009275115730537093, builtin_interfaces.msg.Time(sec=27, nanosec=439000000), 
0.13453513323202498, -0.018249629783309244, 0.009211606993926815, builtin_interfaces.msg.Time(sec=27, nanosec=473000000), 
0.1336139713185811, -0.018124766491420797, 0.009148534179829741, builtin_interfaces.msg.Time(sec=27, nanosec=507000000), 
0.13269910574062133, -0.018000269523565274, 0.009085892766601156, builtin_interfaces.msg.Time(sec=27, nanosec=541000000), 
0.13179046611139142, -0.017877502031271423, 0.009023680311866794, builtin_interfaces.msg.Time(sec=27, nanosec=575000000), 
0.13088809831364273, -0.017754974774299947, 0.00896189385708819, builtin_interfaces.msg.Time(sec=27, nanosec=609000000), 
0.12999190780699268, -0.017632924552928763, 0.00890053070392594, builtin_interfaces.msg.Time(sec=27, nanosec=643000000), 
0.12910180341672345, -0.017512695067836103, 0.008839587682846803, builtin_interfaces.msg.Time(sec=27, nanosec=677000000), 
0.12821784385433946, -0.017392783849541436, 0.008779061915102594, builtin_interfaces.msg.Time(sec=27, nanosec=711000000), 
0.127339894442406, -0.017273617395269007, 0.008718949612171963, builtin_interfaces.msg.Time(sec=27, nanosec=745000000), 
0.12646798722977515, -0.017155457103571674, 0.008659249778601134, builtin_interfaces.msg.Time(sec=27, nanosec=779000000), 
0.12560205772052385, -0.01703761492041331, 0.008599958626234647, builtin_interfaces.msg.Time(sec=27, nanosec=813000000), 
0.12474200309315026, -0.016921413104165603, 0.00854107308898485, builtin_interfaces.msg.Time(sec=27, nanosec=847000000), 
0.12388788736459432, -0.01680559172479938, 0.008482590825374085, builtin_interfaces.msg.Time(sec=27, nanosec=881000000), 
0.12303962462920673, -0.01668998494062281, 0.008424509008637565, builtin_interfaces.msg.Time(sec=27, nanosec=915000000), 
0.12219711720326903, -0.016576178052208634, 0.008366824928466922, builtin_interfaces.msg.Time(sec=27, nanosec=949000000), 
0.12136043036529152, -0.016462688861913766, 0.008309535903149392, builtin_interfaces.msg.Time(sec=27, nanosec=983000000), 
0.12052948620894822, -0.016349323473733426, 0.0082526394322902, builtin_interfaces.msg.Time(sec=28, nanosec=17000000), 
0.11970417308993832, -0.01623781642503144, 0.008196132699054703, builtin_interfaces.msg.Time(sec=28, nanosec=51000000), 
0.11888455595355207, -0.01612676720976619, 0.008140012879055275, builtin_interfaces.msg.Time(sec=28, nanosec=85000000), 
0.11807056639871188, -0.01601575187476895, 0.008084277363356585, builtin_interfaces.msg.Time(sec=28, nanosec=119000000), 
0.11726209312621705, -0.015906498307206127, 0.00802892355084557, builtin_interfaces.msg.Time(sec=28, nanosec=153000000), 
0.11645920172252408, -0.015797692903802, 0.007973948854942268, builtin_interfaces.msg.Time(sec=28, nanosec=187000000), 
0.11566178045147636, -0.015689339948438102, 0.007919349706804931, builtin_interfaces.msg.Time(sec=28, nanosec=221000000), 
0.11486985130066305, -0.015581866880990542, 0.007865125558759041, builtin_interfaces.msg.Time(sec=28, nanosec=255000000), 
0.11408331665554429, -0.015475135254236003, 0.007811272163907498, builtin_interfaces.msg.Time(sec=28, nanosec=289000000), 
0.11330217574322322, -0.015369368210194323, 0.007757787790520426, builtin_interfaces.msg.Time(sec=28, nanosec=323000000), 
0.11252639603095557, -0.015263927692046248, 0.007704669471073724, builtin_interfaces.msg.Time(sec=28, nanosec=357000000), 
0.11175587912518221, -0.015159770765107938, 0.007651914220385516, builtin_interfaces.msg.Time(sec=28, nanosec=391000000), 
0.11099068976499758, -0.015055943783901857, 0.007599520538212403, builtin_interfaces.msg.Time(sec=28, nanosec=425000000), 
0.11023075197291994, -0.014952226982963465, 0.007547485939563594, builtin_interfaces.msg.Time(sec=28, nanosec=459000000), 
0.10947596363304014, -0.014850256195661165, 0.0074958078550750405, builtin_interfaces.msg.Time(sec=28, nanosec=493000000), 
0.10872638765163684, -0.01474866981650103, 0.007444483673838863, builtin_interfaces.msg.Time(sec=28, nanosec=527000000), 
0.1079819052715999, -0.014647630994512209, 0.0073935098152756095, builtin_interfaces.msg.Time(sec=28, nanosec=561000000), 
0.1072425630546797, -0.01454729997016795, 0.0073428860688327735, builtin_interfaces.msg.Time(sec=28, nanosec=595000000), 
0.1065082433538045, -0.014447665860739178, 0.007292608131415241, builtin_interfaces.msg.Time(sec=28, nanosec=629000000), 
0.105778983135799, -0.014348822734124514, 0.00724267522967042, builtin_interfaces.msg.Time(sec=28, nanosec=663000000), 
0.10505472155931594, -0.014250213671456445, 0.007193084155775509, builtin_interfaces.msg.Time(sec=28, nanosec=697000000), 
0.1043353727018814, -0.01415304346978047, 0.007143832420998584, builtin_interfaces.msg.Time(sec=28, nanosec=731000000), 
0.10362099902927985, -0.014056103235648007, 0.00709491811458415, builtin_interfaces.msg.Time(sec=28, nanosec=765000000), 
0.10291147126049785, -0.013959818052779863, 0.007046337774477607, builtin_interfaces.msg.Time(sec=28, nanosec=799000000), 
0.10220684809763414, -0.013864224820055957, 0.0069980912167813365, builtin_interfaces.msg.Time(sec=28, nanosec=833000000), 
0.10150705096249088, -0.013768826451048722, 0.006950175060600786, builtin_interfaces.msg.Time(sec=28, nanosec=867000000), 
0.10081199484021656, -0.013675031935466419, 0.006902586928407743, builtin_interfaces.msg.Time(sec=28, nanosec=901000000), 
0.10012174415028571, -0.013581439335344775, 0.006855324572267845, builtin_interfaces.msg.Time(sec=28, nanosec=935000000), 
