x, y, th, stamp, 
31.75999941636227, -20.211533408635365, -0.3830483720675753, 191489000000
31.791535353814446, -20.22424105533975, -0.38304836563806194, 191523000000
31.823090424856893, -20.236871698926315, -0.37526823875593807, 191557000000
31.85483105312012, -20.248915286713512, -0.345848934765953, 191591000000
31.88696826277082, -20.259770436643542, -0.3051073645256203, 191625000000
31.91950946223968, -20.269390352256067, -0.27084758304519363, 191659000000
31.952343551380405, -20.277989724934784, -0.24057981016642466, 191693000000
31.985429740521777, -20.285523504165365, -0.20576021186974316, 191727000000
32.018762866516276, -20.291863420923136, -0.16986369604773877, 191761000000
32.05230000553403, -20.297053524513636, -0.1368349694758984, 191795000000
32.08598900094376, -20.30114314947811, -0.10366780309199436, 191829000000
32.11979491855457, -20.30408334709452, -0.06889539630878447, 191863000000
32.15366103079806, -20.30585375360142, -0.03463827330940793, 191897000000
32.18748786731202, -20.306465510044085, -0.00019823284916086113, 191931000000
32.22132749840387, -20.305900698822246, 0.03570314345422916, 191965000000
32.25511635016381, -20.304112708578884, 0.0708935709086844, 191999000000
32.28887532742092, -20.301143320866494, 0.10543942018969858, 192033000000
32.32254424916478, -20.29701308174619, 0.13959072529159441, 192067000000
32.35607266306833, -20.291737063071135, 0.17348895340688636, 192101000000
32.38941408125738, -20.285327705848005, 0.2072400795340721, 192135000000
32.4225263812315, -20.27779658098039, 0.24089967018438968, 192169000000
32.45535802361281, -20.269158400048262, 0.27453986201381736, 192203000000
32.48785461410912, -20.259418180836846, 0.3086375642552158, 192237000000
32.519954016415994, -20.24857750769295, 0.3432625734802123, 192271000000
32.551625123039784, -20.23663385594603, 0.3782741471310123, 192305000000
32.582834109273556, -20.223588406215853, 0.4136006404356606, 192339000000
32.61354490001882, -20.20944912103002, 0.4491145956971278, 192373000000
32.643725954705076, -20.194226197477732, 0.48478216444878114, 192407000000
32.67334385224058, -20.177933536202005, 0.5204655632787332, 192441000000
32.70237653296878, -20.160583934448795, 0.5558870510634831, 192475000000
32.730823203558565, -20.1421888141859, 0.5907529045712043, 192509000000
32.758663965743935, -20.122797830741, 0.6249019636682528, 192543000000
32.785871738534176, -20.102475966766065, 0.658488320945119, 192577000000
32.812392149728225, -20.081254685932194, 0.6920391720926341, 192611000000
32.83815489671024, -20.059153281515542, 0.7259493940716043, 192645000000
32.863126085631784, -20.036186735643646, 0.7602528122765229, 192679000000
32.887298230965264, -20.012377355960282, 0.7945275164248174, 192713000000
32.9106583072192, -19.987760240408257, 0.8285657307857142, 192747000000
32.933175342022786, -19.962356811569553, 0.8625098048976257, 192781000000
32.95482028937569, -19.936203127022416, 0.8964309125946704, 192815000000
32.975566482500284, -19.909332311091173, 0.9303545375826815, 192849000000
32.99538930753591, -19.88177374475672, 0.9643231875943301, 192883000000
33.01426417319065, -19.853560286680146, 0.9983255227656305, 192917000000
33.032171130424665, -19.824721415488412, 1.0323196338079013, 192951000000
33.049089373104046, -19.795290412538908, 1.0663095084352576, 192985000000
33.065003128808556, -19.765298649746924, 1.1002076103112406, 193019000000
33.079898371265514, -19.734773476648932, 1.1339529961470562, 193053000000
33.09376084426478, -19.70376089723615, 1.1676226844147366, 193087000000
33.106573161898076, -19.672298750628055, 1.2012638284415558, 193121000000
33.11832250717142, -19.64042153137915, 1.234855204216663, 193155000000
33.12899508384991, -19.608168267189836, 1.2684370199742427, 193189000000
33.13857835202202, -19.575576667127, 1.302024727768875, 193223000000
33.147062254911795, -19.542681460520498, 1.3355902355099512, 193257000000
33.15443058510223, -19.509538189334695, 1.3693012144348822, 193291000000
33.16066656289415, -19.47618867153654, 1.4033611594344821, 193325000000
33.16575106580798, -19.442667782110885, 1.4377361810360476, 193359000000
33.169672700992464, -19.40900752372482, 1.4722676999757205, 193393000000
33.17242505502994, -19.37524324925551, 1.506876029793419, 193427000000
33.17399897798214, -19.341429753744137, 1.5418284795152284, 193461000000
33.17437723699948, -19.307616977139933, 1.577196666019202, 193495000000
33.17355388321746, -19.27379947014104, 1.6126281170522005, 193529000000
33.17153465748934, -19.23999510898965, 1.647525148090701, 193563000000
33.16834749014304, -19.206216166602246, 1.6816564755658212, 193597000000
33.164021006533055, -19.172559274237166, 1.7152575449880134, 193631000000
33.15856027873182, -19.139068087852042, 1.749291802212453, 193665000000
33.15195838792675, -19.10578301681995, 1.7834929115666343, 193699000000
33.144227219570624, -19.072740948495728, 1.8173899460133671, 193733000000
33.135381454101854, -19.039971813108195, 1.8512899602809414, 193767000000
33.12543054320262, -19.007507001021978, 1.8851311888458382, 193801000000
33.11437736665254, -18.975380734998897, 1.9186672920168075, 193835000000
33.10224931242548, -18.943624660649874, 1.951980784512852, 193869000000
33.08907523138706, -18.91228602409474, 1.9852397608088372, 193903000000
33.07486837171134, -18.88140862662677, 2.0185952507076936, 193937000000
33.05964166497297, -18.85102945415757, 2.0520494465875525, 193971000000
33.04340925322443, -18.821181535372016, 2.0855695614325276, 194005000000
33.026187320432435, -18.791897718725455, 2.119132216542498, 194039000000
33.007994176263495, -18.76321143336723, 2.152740315228319, 194073000000
32.98884810020907, -18.735153410880194, 2.186381925776414, 194107000000
32.968770238720204, -18.70775654032468, 2.2200497025073527, 194141000000
32.94778186466173, -18.68105051232287, 2.2537163089245262, 194175000000
32.92590604645158, -18.65506396523913, 2.287364559634724, 194209000000
32.903168946943865, -18.629827906838567, 2.3210225115412575, 194243000000
32.8795951637753, -18.605369620927462, 2.3546643355645402, 194277000000
32.85521079922648, -18.581714889626593, 2.388273489961976, 194311000000
32.83004589960917, -18.55889258606343, 2.421892094805338, 194345000000
32.80412761517556, -18.536927269680064, 2.4554938745784876, 194379000000
32.77748433276035, -18.51584175604247, 2.4890595676862723, 194413000000
32.75014886408966, -18.495661671146408, 2.5226322589397587, 194447000000
32.72215088411179, -18.476408770537954, 2.5561903435701288, 194481000000
32.69352038490535, -18.458104674672462, 2.589717148635025, 194515000000
32.664293810155414, -18.44076736390672, 2.6232447914148933, 194549000000
32.634503886246804, -18.424419992837176, 2.656782623289397, 194583000000
32.60418447090363, -18.409082022208437, 2.69032503453574, 194617000000
32.573382546919916, -18.394780683244736, 2.7239781029448698, 194651000000
32.54213333346973, -18.381532170538424, 2.7579504523339127, 194685000000
32.51048468329378, -18.3693784874972, 2.792370756636173, 194719000000
32.47846096289742, -18.35833987226337, 2.827157009617542, 194753000000
32.44608887001905, -18.34843392842727, 2.862174475967589, 194787000000
32.413395352590705, -18.339674039330784, 2.897311708642844, 194821000000
32.38037676112697, -18.33204981057087, 2.9320529293819697, 194855000000
32.34707993921142, -18.325569977274466, 2.966190889193358, 194889000000
32.31354859873822, -18.320215868284357, 2.9999346806577556, 194923000000
32.279835323479105, -18.315985749312436, 3.033403426078303, 194957000000
32.24598465714405, -18.312886227713484, 3.0667327093674537, 194991000000
32.21204580446004, -18.31091387490844, 3.1000111255101874, 195025000000
32.178055004807725, -18.31006841169546, 3.1332263085864938, 195059000000
32.14404980354641, -18.310349049938853, -3.1167955471386573, 195093000000
32.110071449868016, -18.311754376264325, -3.083641814758163, 195127000000
32.07615573836442, -18.31428211816335, -3.050517089682556, 195161000000
32.04234741543897, -18.317928182368203, -3.0173155947507238, 195195000000
32.00869974647712, -18.322697364538676, -2.9838540973576912, 195229000000
31.975246087586203, -18.328599721407702, -2.9502060985350362, 195263000000
31.942015206885834, -18.335624436985608, -2.9164891082384563, 195297000000
31.909042584714093, -18.34375540874694, -2.882742747287641, 195331000000
31.876364401595502, -18.352995740280335, -2.8489643528473794, 195365000000
31.844018089819023, -18.36333391240449, -2.8151617699445346, 195399000000
31.81203480841093, -18.374758943786865, -2.7814025313281667, 195433000000
31.78044918657611, -18.387256066323356, -2.747719500387062, 195467000000
31.749301793653043, -18.40081215761676, -2.714071344602678, 195501000000
31.71862462250327, -18.415406467140432, -2.6804643493034424, 195535000000
31.688454119377443, -18.431022035767352, -2.6468798492587293, 195569000000
31.658826537428396, -18.447641337738297, -2.6132858835097452, 195603000000
31.629773033502612, -18.465246113779077, -2.579719856617893, 195637000000
31.601326981436344, -18.48381573520296, -2.546162452055195, 195671000000
31.57352298685472, -18.50332812287306, -2.512584372101495, 195705000000
31.546389801704958, -18.523763071453963, -2.4790275851395713, 195739000000
31.519958522216456, -18.54509675580837, -2.4454778032323166, 195773000000
31.4942611477954, -18.56730397861549, -2.411903359350439, 195807000000
31.46933244551841, -18.590354429346323, -2.378322068387244, 195841000000
31.445218617690873, -18.614209462457655, -2.3442581744902347, 195875000000
31.42196605781827, -18.638863000338034, -2.309677640834391, 195909000000
31.399602226294302, -18.664292389789846, -2.2748196252623405, 195943000000
31.378142651752704, -18.690482952228034, -2.239975076988885, 195977000000
31.357582521543744, -18.71743342113038, -2.2054744005475726, 196011000000
31.33793699482043, -18.74510353314995, -2.1714416390305944, 196045000000
31.31921990262851, -18.77344345941332, -2.137844249161, 196079000000
31.301440844653026, -18.80242949955086, -2.104680988906954, 196113000000
31.28460759162508, -18.832015843667214, -2.0719740408873637, 196147000000
31.268729476287977, -18.862162775400357, -2.0396588586385604, 196181000000
31.253817779182274, -18.89282550566176, -2.007634871553996, 196215000000
31.23988720111534, -18.92396201476801, -1.9757892843602973, 196249000000
31.226953004432286, -18.955528062097972, -1.9439737982385108, 196283000000
31.215031139730304, -18.98748452414488, -1.9120846522149075, 196317000000
31.204142726706543, -19.019791663822893, -1.880001283795342, 196351000000
31.194307607559512, -19.05240955930989, -1.8476281777036383, 196385000000
31.18554424446649, -19.085308137359227, -1.8149536818135508, 196419000000
31.177868347186344, -19.118459107307572, -1.7820508172307945, 196453000000
31.17129228275013, -19.151832721894507, -1.748995821603967, 196487000000
31.16582495271767, -19.1853986463116, -1.7158630205019658, 196521000000
31.161473699920442, -19.21912266237365, -1.6826619815980004, 196555000000
31.15824460484384, -19.252969571719913, -1.6494099926131616, 196589000000
31.156142529777274, -19.286903933973083, -1.6161397353431077, 196623000000
31.15517011211936, -19.320889207201088, -1.5828622070547556, 196657000000
31.15532813116188, -19.35488892950344, -1.549591287600311, 196691000000
31.156616577429983, -19.388865017268866, -1.516319265541658, 196725000000
31.159033919478013, -19.422780186212417, -1.483051993503312, 196759000000
31.162576934363457, -19.456598724206174, -1.4498097936998608, 196793000000
31.167241500586186, -19.490281244391106, -1.4165635325788353, 196827000000
31.173022388716873, -19.523790662962487, -1.3833197907488355, 196861000000
31.179912967933298, -19.55709270995686, -1.350108836455001, 196895000000
31.187904980038876, -19.590147984851097, -1.3168911114652768, 196929000000
31.196989580653764, -19.62291988304348, -1.283671929509916, 196963000000
31.207154129703756, -19.655363960074105, -1.2504176760389094, 196997000000
31.218388094990775, -19.687424795546633, -1.2167994611227881, 197031000000
31.23068932421239, -19.719060057269058, -1.1828035486408692, 197065000000
31.244060902164566, -19.750253405532497, -1.148582608063212, 197099000000
31.258494149481805, -19.780980404271883, -1.1144871315400378, 197133000000
31.27396570629116, -19.81120616048883, -1.0806767357731941, 197167000000
31.290452866290668, -19.840904875036443, -1.0469884471962376, 197201000000
31.307929624621178, -19.87003268325625, -1.013350295820756, 197235000000
31.32637353997669, -19.89855114628588, -0.9796326041831214, 197269000000
31.34576191069324, -19.926418158893544, -0.9458004350317211, 197303000000
31.366077218989687, -19.953602927073106, -0.9118270466039018, 197337000000
31.38730406824056, -19.98007881700347, -0.8777635110671416, 197371000000
31.40941897615423, -20.00581050738251, -0.8436525192707284, 197405000000
31.432398873775607, -20.030772430834993, -0.8095683231788277, 197439000000
31.456213252918815, -20.054932526885064, -0.7755685858271416, 197473000000
31.48081978825657, -20.078242552954134, -0.7412762285947563, 197507000000
31.50620242501887, -20.10068460438375, -0.7064915554834222, 197541000000
31.53236011553372, -20.122233852017594, -0.6718342252274593, 197575000000
31.559268487302955, -20.142886329380232, -0.6376330439857629, 197609000000
31.586891017236855, -20.16262063010124, -0.603877570103865, 197643000000
31.61517105164364, -20.18141501032813, -0.5702425187084038, 197677000000
31.644056370132667, -20.199246176937226, -0.5364200706577594, 197711000000
31.67351681926403, -20.216087866982917, -0.5024119327803536, 197745000000
31.703529485303523, -20.23191705432443, -0.4683453221741844, 197779000000
31.734064738776606, -20.246715028075783, -0.4342858852225086, 197813000000
31.765091329434107, -20.260471200132873, -0.40030306616206485, 197847000000
31.796576568394986, -20.27317042011083, -0.36645113302071386, 197881000000
31.828483126144462, -20.284803737792814, -0.3327293351475429, 197915000000
31.860773756275506, -20.29536081070211, -0.29914240330526704, 197949000000
31.893409540612208, -20.304833073750366, -0.26567387780649443, 197983000000
31.92635180114214, -20.313211780132438, -0.23230397060641736, 198017000000
31.959550212843443, -20.32048154259024, -0.19884918405556237, 198051000000
31.992956630471884, -20.326627415459026, -0.16518710846978207, 198085000000
32.02654219517119, -20.331646599292394, -0.13139973268060684, 198119000000
32.06027340765246, -20.335527782370665, -0.09754914687350993, 198153000000
32.0941120190109, -20.338264488397247, -0.06363635113360377, 198187000000
32.12802352142995, -20.339853420767238, -0.029717058611707665, 198221000000
32.16197077652264, -20.34029265898152, 0.0041922469327851835, 198255000000
32.19591197074725, -20.339581365639958, 0.038126346649366705, 198289000000
32.229811868266566, -20.33772032205432, 0.07203553417667632, 198323000000
32.26363614993306, -20.33471285032149, 0.1058551024884485, 198357000000
32.29734402730493, -20.330564559312897, 0.13961054144591403, 198391000000
32.330897689248964, -20.325282650467454, 0.17328785771621233, 198425000000
32.36425834447132, -20.318874719150404, 0.20690633018830426, 198459000000
32.39738487553688, -20.311349682580296, 0.24050910956616958, 198493000000
32.430233390915845, -20.302718546404527, 0.2741466816187839, 198527000000
32.46274405780125, -20.292990350351484, 0.308038729761161, 198561000000
32.49488799535003, -20.282163972471345, 0.34225780021400753, 198595000000
32.5266028052907, -20.270246615500753, 0.3769434860814272, 198629000000
32.557847978307606, -20.257240775514155, 0.41203533006932797, 198663000000
32.58859567771346, -20.24314806038064, 0.44739991038076293, 198697000000
32.61881528296498, -20.22797409078639, 0.4829755574724585, 198731000000
32.648491836971985, -20.211725486240383, 0.5182781663122211, 198765000000
32.67763178238805, -20.194411868606235, 0.5528605845361291, 198799000000
32.70621551813523, -20.176098803565043, 0.5866906835946685, 198833000000
32.73419586520762, -20.156836895669763, 0.6201103261905863, 198867000000
32.76150558215759, -20.1366513650051, 0.6536894613789579, 198901000000
32.78808255427872, -20.115555219378642, 0.6877974044535875, 198935000000
32.81390354454378, -20.093560527242293, 0.722197625653993, 198969000000
32.83896915045959, -20.07069196639026, 0.7563761397905132, 199003000000
32.8632636035292, -20.046972128484274, 0.7902228556771853, 199037000000
32.88676217531796, -20.022434512033115, 0.8237804581737461, 199071000000
32.90943435298521, -19.99711795583345, 0.8572166449599082, 199105000000
32.93124989080979, -19.971055950844594, 0.8906312780769735, 199139000000
32.95218205699496, -19.944280315418865, 0.9240562747816621, 199173000000
32.9722089227014, -19.91682393979879, 0.9575316302654497, 199207000000
32.991295647307055, -19.88872174307113, 0.9911802976076265, 199241000000
33.00941725597488, -19.860002003737847, 1.0249841531438946, 199275000000
33.02655453220112, -19.830692418889104, 1.0588787566409725, 199309000000
33.042688063312404, -19.800819853850644, 1.0927743210463172, 199343000000
33.05780714967562, -19.7704089992908, 1.1265606525483884, 199377000000
33.07189635983833, -19.739500643822797, 1.1602111705494351, 199411000000
33.084940141045585, -19.708133926713383, 1.1938323465198921, 199445000000
33.096924223453534, -19.67634490850277, 1.227411883282808, 199479000000
33.10783445051603, -19.644172250267335, 1.2609855551784417, 199513000000
33.117657680179185, -19.611653831593628, 1.2945723795817043, 199547000000
33.12638408410511, -19.57882322497163, 1.3281307363451738, 199581000000
33.134003382385345, -19.545719387678915, 1.361688565551509, 199615000000
33.14050629911619, -19.512381166697903, 1.3952634364406284, 199649000000
33.14588613664738, -19.47884320737359, 1.4288165173895109, 199683000000
33.150136606363695, -19.44514465042102, 1.4623675988226223, 199717000000
33.153252958664304, -19.411334418182044, 1.495969292158834, 199751000000
33.15521706819807, -19.37747648494776, 1.5301563719916196, 199785000000
33.156005992156956, -19.343621754479326, 1.5649339593560179, 199819000000
33.155605503809134, -19.309813560754026, 1.6002774353812772, 199853000000
33.153998594584664, -19.27605201780792, 1.636120107014949, 199887000000
33.151181831524895, -19.242353317554166, 1.6716018002450772, 199921000000
33.14717390779229, -19.208727172311807, 1.706435505012057, 199955000000
33.14200095456982, -19.175201590886232, 1.7406597572684743, 199989000000
33.135693522418684, -19.14185512145265, 1.7743670294840308, 200023000000
33.12826723809465, -19.108708554248953, 1.8080165017916785, 200057000000
33.1197314984654, -19.07582219234867, 1.8415192030344987, 200091000000
33.110081959018444, -19.043229135506298, 1.8748664373122725, 200125000000
33.099351935960016, -19.010967015388786, 1.9080905038476108, 200159000000
33.0875630154266, -18.979080721591334, 1.9413476891534551, 200193000000
33.07472344384609, -18.947613877632776, 1.97473271664266, 200227000000
33.060841564409, -18.91659833368712, 2.0081921221820007, 200261000000
33.045931308875446, -18.886069892177282, 2.0417277218754197, 200295000000
33.03000767520366, -18.856063473504193, 2.0753180564104436, 200329000000
33.013086472490585, -18.826610564059255, 2.1089324345172757, 200363000000
32.99518555370816, -18.797744419673016, 2.1425930364204753, 200397000000
32.97632435944268, -18.769498729849246, 2.17627909546859, 200431000000
32.95652262044392, -18.74190328013921, 2.20995926375257, 200465000000
32.93580292546508, -18.714989394563027, 2.243636497206641, 200499000000
32.914188637812124, -18.68878713764451, 2.2773040525021764, 200533000000
32.89170441865708, -18.663325909439333, 2.3109628226671837, 200567000000
32.868375716376164, -18.638634143138727, 2.3446076783087544, 200601000000
32.84422872149459, -18.614738646759676, 2.378228473356298, 200635000000
32.81929219073343, -18.59166744134328, 2.4118484910472646, 200669000000
32.79359371750807, -18.569445851039692, 2.445453181453423, 200703000000
32.767162167976856, -18.548097638664725, 2.479025041981916, 200737000000
32.74004791749708, -18.527670001040292, 2.5128236295654105, 200771000000
32.712274267997486, -18.508185568564684, 2.547015649378833, 200805000000
32.68387110352056, -18.48968468568422, 2.5815911021718816, 200839000000
32.65486113404491, -18.472191916262464, 2.616436145907021, 200873000000
32.62526289392976, -18.455726830673232, 2.651393250987385, 200907000000
32.59509673420789, -18.440300045091053, 2.686254614424269, 200941000000
32.564399166959255, -18.425924408814716, 2.720883925500525, 200975000000
32.533194805122484, -18.412596616393834, 2.755111671177172, 201009000000
32.50152736630132, -18.40033403295131, 2.7889245491209307, 201043000000
32.46945107179732, -18.389141925434117, 2.822549039703359, 201077000000
32.43701781586934, -18.379011877205524, 2.856152329887552, 201111000000
32.404259038508116, -18.369991022983324, 2.889689785618425, 201145000000
32.37121742053568, -18.362071232538145, 2.9232231564769693, 201179000000
32.33793034483007, -18.355261723392683, 2.956767683867969, 201213000000
32.30443625667459, -18.349573011809582, 2.9903277613531096, 201247000000
32.2707715093075, -18.345011283828367, 3.0238859364942434, 201281000000
32.23697342355665, -18.341581532680532, 3.0574371498131527, 201315000000
32.20308210794059, -18.339288499502636, 3.091006820721241, 201349000000
32.16913370216193, -18.33813465355991, 3.1245634857437747, 201383000000
32.135163275229836, -18.338120695715652, -3.125108637925451, 201417000000
32.101222350661736, -18.339247186750004, -3.091536014162565, 201451000000
32.06736024548679, -18.34151314522116, -3.0576008046256415, 201485000000
32.03363325519403, -18.34493737655744, -3.0232159805416585, 201519000000
32.000060038034086, -18.349525686187413, -2.988560150240351, 201553000000
31.966665674495292, -18.35527284480252, -2.9539649023602768, 201587000000
31.933464787823574, -18.36217958597388, -2.9196401219817436, 201621000000
31.900501307457887, -18.370217055779197, -2.885575401586613, 201655000000
31.867814498299783, -18.3793694321721, -2.8516974033316345, 201689000000
31.835446825902395, -18.389622921563447, -2.8179244942222703, 201723000000
31.80344016903677, -18.400968916425448, -2.7841908802885182, 201757000000
31.77183209890513, -18.41338533116567, -2.7504753927317793, 201791000000
31.740660019184457, -18.426859848595292, -2.7167658010757108, 201825000000
31.709960158056443, -18.441377168745316, -2.6830482912284115, 201859000000
31.679766999206393, -18.45692207719719, -2.6493186992612094, 201893000000
31.65011573995722, -18.47347601321205, -2.615576023909684, 201927000000
31.62103819719408, -18.49102099038676, -2.581849939495753, 201961000000
31.592566995000155, -18.509536768575284, -2.548137516947758, 201995000000
31.56473610540263, -18.529001323730142, -2.514416653017797, 202029000000
31.537584857282226, -18.54938548986427, -2.480628143737465, 202063000000
31.511148573387626, -18.570674539458153, -2.446632588524276, 202097000000
31.48547738097783, -18.592832952081253, -2.4123568241184303, 202131000000
31.460592677067787, -18.615853554418273, -2.3778462032417393, 202165000000
31.43652072458691, -18.63971929052376, -2.3432181165102963, 202199000000
31.41329345417241, -18.66440193806575, -2.3085737477514625, 202233000000
31.390927775893932, -18.689879308865244, -2.274059301081784, 202267000000
31.36944195325116, -18.716122025288193, -2.2397322625520997, 202301000000
31.34885751373225, -18.743096246458155, -2.2056126920155075, 202335000000
31.32918715935628, -18.770775653405476, -2.1717286249259615, 202369000000
31.31045259868335, -18.799111126340996, -2.1380511614298645, 202403000000
31.292677701584626, -18.82806631258825, -2.104458083064243, 202437000000
31.275880129916196, -18.857609534758243, -2.0709106616173663, 202471000000
31.260079540675942, -18.887699173017914, -2.0374649144643655, 202505000000
31.24529395443655, -18.91829828316448, -2.0040189837447966, 202539000000
31.231541713097375, -18.949371439649607, -1.9705199201994459, 202573000000
31.218840152342498, -18.98088353899337, -1.936982026835549, 202607000000
31.207202670449302, -19.012802555622088, -1.9034464266315065, 202641000000
31.196643917038223, -19.04508963894308, -1.8698986906753132, 202675000000
31.187181320228103, -19.077697100749223, -1.8362169568431628, 202709000000
31.178835813172263, -19.110585683267015, -1.8021429558672661, 202743000000
31.171637007938344, -19.143699877488576, -1.767749402776844, 202777000000
31.165585857024027, -19.177036234457944, -1.7328686762107324, 202811000000
31.16070405468097, -19.21056297376868, -1.698146774443003, 202845000000
31.1569747743507, -19.244286393069252, -1.66398243330172, 202879000000
31.154390615295366, -19.27813320657013, -1.6302984460848227, 202913000000
31.15294515312461, -19.312074639164035, -1.5966981896052717, 202947000000
31.15263734702724, -19.346060215762737, -1.5632410520338251, 202981000000
31.153459733340085, -19.380065116771156, -1.5301102493230487, 203015000000
31.15539666580803, -19.414066763444197, -1.497510165417664, 203049000000
31.158429403751946, -19.44803115289977, -1.4654648767906726, 203083000000
31.16255689500302, -19.48190062411832, -1.4337533250697614, 203117000000
31.16775621077602, -19.515619601523227, -1.401909526387621, 203151000000
31.174028506407005, -19.54914238491324, -1.3698864747047195, 203185000000
31.18137253081069, -19.582429040168556, -1.3376671252148644, 203219000000
31.189786333164616, -19.61544139062753, -1.3051935776523587, 203253000000
31.199256107629907, -19.64814616633273, -1.2724976265042394, 203287000000
31.20978336470838, -19.680508699635027, -1.239597030070165, 203321000000
31.22136796162678, -19.712479362199016, -1.20635918185585, 203355000000
31.234005601282632, -19.74403122851513, -1.1729013016804415, 203389000000
31.247688944433477, -19.775133787658774, -1.139380490444167, 203423000000
31.26240679491682, -19.805763856572163, -1.1058119518157812, 203457000000
31.278142423064203, -19.83587957848126, -1.0722923922496972, 203491000000
31.29487721351589, -19.86545189333857, -1.0387923018635847, 203525000000
31.3125918580682, -19.894445092568095, -1.0052606046516166, 203559000000
31.331266723531648, -19.922824803911247, -0.9717030225283843, 203593000000
31.350882643248, -19.95056162027126, -0.9381558558685784, 203627000000
31.371416948076483, -19.977623297679475, -0.9046013954137645, 203661000000
31.392846615802068, -20.003978785537086, -0.8710389883218184, 203695000000
31.415148319549417, -20.029599350678115, -0.8374828253068443, 203729000000
31.43829649709848, -20.054455513719436, -0.8039260910480835, 203763000000
31.462265362236963, -20.078519468154088, -0.770368580245598, 203797000000
31.487028307318965, -20.101764271055647, -0.7368023558569509, 203831000000
31.512554336398445, -20.124159818852245, -0.7032307287589149, 203865000000
31.53879838073323, -20.145660737655234, -0.6693092069629183, 203899000000
31.565744875896833, -20.166240553859804, -0.6349929877117012, 203933000000
31.59337659529431, -20.18587267289719, -0.6004933226385699, 203967000000
31.62166690211308, -20.20453440817502, -0.5659898613485111, 204001000000
31.650593987303765, -20.22221586249653, -0.5316399530609454, 204035000000
31.680132873365793, -20.2389139624095, -0.4976101386656276, 204069000000
31.710244567687056, -20.254606957661924, -0.4639366869540661, 204103000000
31.740878368269772, -20.269287880233577, -0.43041118632956465, 204137000000
31.771992599875208, -20.282943185698883, -0.3969615145039097, 204171000000
31.803554039007963, -20.29555306104437, -0.3636181544615699, 204205000000
31.83552238991551, -20.307105560294506, -0.33032192789621373, 204239000000
31.86786088844474, -20.317591013244588, -0.2970672383796904, 204273000000
31.90053445905728, -20.326994661011486, -0.2638641699833989, 204307000000
31.933503192103178, -20.335308024666595, -0.23066617583867774, 204341000000
31.966726281053077, -20.34252430788308, -0.19741046813449661, 204375000000
32.00015426601713, -20.348620400584792, -0.16393476909083193, 204409000000
32.03375197761726, -20.353590422412346, -0.13025270028243568, 204443000000
32.06748923662151, -20.357424718220855, -0.09645330526940814, 204477000000
32.101331103487844, -20.36011512789268, -0.06257952357108147, 204511000000
32.13524271410309, -20.361657830446124, -0.02867931683163417, 204545000000
32.16918746150977, -20.36205086376472, 0.00522256184350609, 204579000000
32.20312468716297, -20.36129301215326, 0.0391475226925367, 204613000000
32.237012380566604, -20.35938572594915, 0.07306701943870132, 204647000000
32.270807845842775, -20.3563296126143, 0.10714816321853154, 204681000000
32.304451796615304, -20.352120304507544, 0.14157202578770567, 204715000000
32.337905865511885, -20.3467528945956, 0.1763368342885766, 204749000000
32.371131455802015, -20.340224581510046, 0.21134508655816348, 204783000000
32.404096675552786, -20.332535870385833, 0.24650583510931282, 204817000000
32.4367716616362, -20.323692656917483, 0.28164573515193425, 204851000000
32.469130451764464, -20.313704645063783, 0.3166264867574501, 204885000000
32.501137618583684, -20.3025914322704, 0.35139250216883394, 204919000000
32.53276354407896, -20.290368282996116, 0.38590630160541844, 204953000000
32.563968954316856, -20.27705845268189, 0.4201550486035022, 204987000000
32.59471627216403, -20.26268741371949, 0.45421597020767995, 205021000000
32.62496525068528, -20.247276603977646, 0.48817068471883357, 205055000000
32.65467757326657, -20.230846577025794, 0.5221221399662299, 205089000000
32.683809835411125, -20.213422637098837, 0.5561403832410519, 205123000000
32.71232887481206, -20.195017264252037, 0.5902370368528183, 205157000000
32.74021750518355, -20.175646729835602, 0.6241338972523678, 205191000000
32.767445257766425, -20.15534039249726, 0.6578620789321463, 205225000000
32.79397950149582, -20.13412514153235, 0.6915097464846179, 205259000000
32.81978128657732, -20.11203588226442, 0.7251649248236773, 205293000000
32.84481457076903, -20.08909583118618, 0.7589566902353542, 205327000000
32.8690459771387, -20.065331669029955, 0.7929395623127645, 205361000000
32.892442330223794, -20.040763528284845, 0.827148803559582, 205395000000
32.914975549540806, -20.015415528851, 0.8614439986160736, 205429000000
32.93662454008057, -19.989310052686356, 0.8957418053845807, 205463000000
32.95736495914027, -19.962477053260216, 0.9299990220892257, 205497000000
32.97717761893529, -19.93494460869342, 0.9641466161645691, 205531000000
32.9960502811927, -19.906739234292548, 0.9980992579155868, 205565000000
33.01394663192245, -19.8779246987111, 1.0319648057935003, 205599000000
33.03084812972707, -19.84852188905402, 1.0662203756774198, 205633000000
33.04672717198613, -19.818556680577963, 1.1005824113592189, 205667000000
33.061583215794904, -19.788040111983847, 1.1346033083567386, 205701000000
33.07540137285017, -19.757022613741352, 1.168175640582815, 205735000000
33.08818700064865, -19.725542626481698, 1.2016690007733262, 205769000000
33.09991046744748, -19.69364671553018, 1.2351631887154606, 205803000000
33.11056473872953, -19.66137201564212, 1.2685317343027074, 205837000000
33.120139657571734, -19.628761761175483, 1.3018834179835757, 205871000000
33.12861693252259, -19.5958571454202, 1.3353530816014392, 205905000000
33.13598264853204, -19.562694956041728, 1.3689387915468245, 205939000000
33.14222617105274, -19.529312346876253, 1.4026329371175872, 205973000000
33.147340482750124, -19.49574318179116, 1.436382560613481, 206007000000
33.151318553988766, -19.4620252658695, 1.470202917487866, 206041000000
33.15415353698991, -19.42819675716633, 1.5040995474470606, 206075000000
33.15584101719176, -19.394291979744576, 1.5380023619034013, 206109000000
33.15637865917728, -19.360349470618143, 1.5719125884448, 206143000000
33.155765551569424, -19.32640956021108, 1.6058439183402962, 206177000000
33.15400241797595, -19.29250822157499, 1.639757423011974, 206211000000
33.15109148920369, -19.258684657646423, 1.6736610202178435, 206245000000
33.14703649606873, -19.22497888548238, 1.7075665988385056, 206279000000
33.14184209091534, -19.191428171815904, 1.7414568188674633, 206313000000
33.13551641997025, -19.158089335277364, 1.7755037282275368, 206347000000
33.128058988818424, -19.12501946877741, 1.8099916675899066, 206381000000
33.11946670913141, -19.092267767162966, 1.8449707305808765, 206415000000
33.10973268860423, -19.059854802071825, 1.8802830840519447, 206449000000
33.09885992586936, -19.02781959739098, 1.915740384430186, 206483000000
33.08685739723992, -18.99618688879836, 1.9511246987041273, 206517000000
33.073720447613766, -18.964925953840098, 1.9858767564567141, 206551000000
33.059512009458, -18.934101783612515, 2.019669008674279, 206585000000
33.04425897386836, -18.903741742060333, 2.0532324117930685, 206619000000
33.027995753561854, -18.87390669503093, 2.0867468661759636, 206653000000
33.01074267595556, -18.844631574370982, 2.1202216319106175, 206687000000
32.992520934722975, -18.815952337455354, 2.1537220206109238, 206721000000
32.973350659854894, -18.78790303809707, 2.18726296475967, 206755000000
32.95325124472871, -18.760513015479276, 2.2207963867354246, 206789000000
32.93224588958344, -18.733814273241336, 2.2543429404205555, 206823000000
32.91035830937417, -18.70783779202481, 2.2879086487982336, 206857000000
32.887611237095975, -18.682610925305834, 2.321462810913789, 206891000000
32.8640491779028, -18.658193957102984, 2.355307389458871, 206925000000
32.83969087084738, -18.63461042896013, 2.3897446078640345, 206959000000
32.81454695616761, -18.61190422271648, 2.424405285548242, 206993000000
32.78862241857467, -18.59007673037309, 2.458958176243408, 207027000000
32.761937208230535, -18.569132419733595, 2.493181478859591, 207061000000
32.73453441002299, -18.549094804708314, 2.5270279801704474, 207095000000
32.70645347913647, -18.52998012947162, 2.5605964219896684, 207129000000
32.67773403434977, -18.511803094208837, 2.59396008758854, 207163000000
32.64841607819718, -18.49458847721861, 2.627198524884595, 207197000000
32.61853799548373, -18.478355023960685, 2.660374419654096, 207231000000
32.5881370931897, -18.463120852011198, 2.693547178197453, 207265000000
32.55725134062993, -18.448905985611827, 2.726782357824663, 207299000000
32.52591379861289, -18.43572787740188, 2.7600673457859095, 207333000000
32.494156088095345, -18.423599794166396, 2.7933646547635007, 207367000000
32.46201502090282, -18.412536730437516, 2.8267092790467547, 207401000000
32.42952459122145, -18.402551189228674, 2.8600827931378117, 207435000000
32.39671782620439, -18.393654254856987, 2.8934420496837503, 207469000000
32.36363276719614, -18.38585629312048, 2.9268096102818983, 207503000000
32.33030573586862, -18.379165662946512, 2.960176845373153, 207537000000
32.29677214284934, -18.373589426224815, 2.9935228742977196, 207571000000
32.26307030947611, -18.369133496256847, 3.026861903722607, 207605000000
32.22923753690536, -18.36580226577873, 3.0601908606369674, 207639000000
32.19531389012465, -18.363600602877455, 3.093535721801398, 207673000000
32.16135116474038, -18.362533254307245, 3.126994018360932, 207707000000
32.12737231858925, -18.36260228687596, -3.1225592120823404, 207741000000
32.09345659026488, -18.363819819405734, -3.0885396816377977, 207775000000
32.059601333028674, -18.36619709151766, -3.054333039775127, 207809000000
32.02584025563782, -18.36972642060758, -3.0203633329667032, 207843000000
31.992206323321554, -18.37439672527496, -2.9865676906244696, 207877000000
31.958740773956468, -18.380200051975567, -2.9528773707290994, 207911000000
31.92548457648738, -18.387126675750903, -2.9192598076358656, 207945000000
31.892491884370255, -18.395164136871806, -2.885599329328993, 207979000000
31.859797614120104, -18.404307232280505, -2.8518230811825056, 208013000000
31.82745717463129, -18.414549032177312, -2.8175833702168642, 208047000000
31.795542185871295, -18.425886115562598, -2.7827505544109172, 208081000000
31.76407305954227, -18.438328686616973, -2.7475335947122645, 208115000000
31.733036280874295, -18.451886897365366, -2.71251689022179, 208149000000
31.702457994079204, -18.46651730788162, -2.678127331581022, 208183000000
31.672365528942926, -18.48220476379756, -2.6441120368488398, 208217000000
31.64280496614336, -18.498911769000692, -2.610340896433477, 208251000000
31.613813475396256, -18.51661117734737, -2.576695958725262, 208285000000
31.585424275805465, -18.535279297190236, -2.5431687752357504, 208319000000
31.557670162003287, -18.554889382537603, -2.5097178774042774, 208353000000
31.53058717536873, -18.57541511373445, -2.476256316599267, 208387000000
31.504207208076252, -18.59683484369287, -2.4427697745082084, 208421000000
31.478561619962207, -18.619123535078412, -2.409245231251478, 208455000000
31.45367719632033, -18.642257307725192, -2.3757037345390657, 208489000000
31.429582063854795, -18.666215692042087, -2.342178084456908, 208523000000
31.406302546030016, -18.69096467274706, -2.3086481403204093, 208557000000
31.3838645576735, -18.716485009271135, -2.2751463646792254, 208591000000
31.362292783707968, -18.74274056711823, -2.241647300794414, 208625000000
31.34161308625644, -18.769702595380085, -2.208136406959067, 208659000000
31.321846830176263, -18.797346020290565, -2.1746768418798545, 208693000000
31.30301514685408, -18.82563247608592, -2.1412282679112833, 208727000000
31.2851436594528, -18.854528992851254, -2.1077298539295697, 208761000000
31.26825125634797, -18.884006600417365, -2.0742214774002536, 208795000000
31.25235643633191, -18.91403311163324, -2.0407150612817166, 208829000000
31.237482928066683, -18.944565006096774, -2.0071407305793203, 208863000000
31.223665112653947, -18.97555021397269, -1.9731337826363757, 208897000000
31.210925879145034, -19.00697061955069, -1.9387446683498488, 208931000000
31.199287161556743, -19.03879544231998, -1.9041232274065014, 208965000000
31.1887521290466, -19.071019615855395, -1.869606659762422, 208999000000
31.179323064035653, -19.103610687645315, -1.835454530516025, 209033000000
31.17100077294748, -19.136538204205245, -1.8017425126151831, 209067000000
31.16378478761738, -19.169761807377064, -1.7685022612985297, 209101000000
31.157652347222776, -19.20323682415571, -1.7356652257501368, 209135000000
31.152612747183056, -19.23691646131216, -1.703091449630294, 209169000000
31.148669779432048, -19.270755257833354, -1.6706646634744287, 209203000000
31.145822417935758, -19.304706299868176, -1.6382817997139167, 209237000000
31.1440755343742, -19.33872954904696, -1.6058606589206803, 209271000000
31.143436070481943, -19.372781138228703, -1.5733048143990065, 209305000000
31.143905536013165, -19.406818507786546, -1.540536116641168, 209339000000
31.145488655971462, -19.440812249191044, -1.5076389356645408, 209373000000
31.148192330996977, -19.474729103827574, -1.474653582536542, 209407000000
31.15201366870089, -19.508531642110444, -1.4415903483933814, 209441000000
31.15694617725937, -19.54217754902431, -1.4083796554091088, 209475000000
31.162998130870466, -19.575620435411803, -1.3749015463872238, 209509000000
31.170163971022546, -19.608830072137156, -1.3412785564033645, 209543000000
31.178441616675435, -19.64177793380428, -1.3076179509763706, 209577000000
31.187823720302372, -19.674434789495802, -1.274013037372537, 209611000000
31.19829678858563, -19.70675597577949, -1.240478975706924, 209645000000
31.20984570909225, -19.738709169377245, -1.20693784552872, 209679000000
31.222458942351142, -19.77025500281359, -1.1733794441117413, 209713000000
31.236122846853934, -19.801359330538656, -1.1398316987551727, 209747000000
31.250821747688935, -19.831986016212138, -1.106274709951488, 209781000000
31.26653922163985, -19.862099598679013, -1.072703601062224, 209815000000
31.283258788812677, -19.891668876780816, -1.0391564459788314, 209849000000
31.300960301836728, -19.920658563666763, -1.005602059968359, 209883000000
31.3196160637593, -19.949021252684894, -0.9718984879079047, 209917000000
31.33920620098817, -19.976702296189618, -0.9376582208060507, 209951000000
31.359711689051778, -20.003644957239576, -0.9029365481903564, 209985000000
31.38113711852513, -20.029843955130552, -0.867619659149165, 210019000000
31.403475354481714, -20.055264009594563, -0.8324560112918049, 210053000000
31.426716723775154, -20.07992131593342, -0.7978106303804282, 210087000000
31.450823179625882, -20.103796326307645, -0.7637352859259234, 210121000000
31.475747167824, -20.126846101345016, -0.730046005576974, 210155000000
31.501430055759094, -20.149047195791756, -0.6962890977224593, 210189000000
31.527839747470917, -20.170372169315062, -0.6623699268285292, 210223000000
31.554957362417444, -20.190789004585813, -0.6284484857926638, 210257000000
31.582757778215747, -20.210282032299954, -0.5946299018919375, 210291000000
31.61121251564091, -20.228834510670243, -0.5609968337152188, 210325000000
31.640286679317555, -20.246429251154694, -0.527553830250663, 210359000000
31.669942648470112, -20.263048107354226, -0.4942630740018054, 210393000000
31.700140384948313, -20.278674152477198, -0.4610427822247641, 210427000000
31.73083899672394, -20.29328749530497, -0.42779381255672, 210461000000
31.762003418518415, -20.30687038859509, -0.3945016753112337, 210495000000
31.79360157139636, -20.319408733213358, -0.3611978196937199, 210529000000
31.825596857288055, -20.33088726657283, -0.3278449681653213, 210563000000
31.85795530568879, -20.341292581856997, -0.29446151623526434, 210597000000
31.89064450668861, -20.35061354150516, -0.261096902240932, 210631000000
31.923626062332477, -20.358839050353016, -0.22772166001007604, 210665000000
31.95686361999977, -20.365960058331645, -0.1943432466341819, 210699000000
31.990322544645757, -20.371969484393805, -0.16099071430986212, 210733000000
32.02395612779071, -20.376861603123498, -0.12752945809649632, 210767000000
32.0577183587281, -20.38061778216509, -0.09385949150012551, 210801000000
32.09157858384957, -20.383233918543514, -0.06007342249948554, 210835000000
32.125502572312264, -20.384704470158404, -0.026218727534507075, 210869000000
32.15945560874833, -20.385025887330425, 0.007661945544131621, 210903000000
32.193404159710916, -20.384199601991725, 0.04147774224591522, 210937000000
32.227310703226934, -20.382227976480422, 0.07521768660810815, 210971000000
32.261137073929, -20.379115333597614, 0.1088745969099972, 211005000000
32.29482502052554, -20.37486808535217, 0.1426253134957918, 211039000000
32.32831881545144, -20.36948578167109, 0.17668849687868157, 211073000000
32.3615755872385, -20.3629587448333, 0.21132623603116285, 211107000000
32.39454662733105, -20.35528265236663, 0.2464202684964069, 211141000000
32.427201632319665, -20.346453502650164, 0.2818026169516675, 211175000000
32.45953840409374, -20.336465829583496, 0.31707323350626915, 211209000000
32.49155242564485, -20.325326232586846, 0.3516259513195491, 211243000000
32.5232062822839, -20.31310965496694, 0.38559933915059286, 211277000000
32.55445330082923, -20.299809372890593, 0.4192902354978864, 211311000000
32.5852421223053, -20.285461775674527, 0.4528824622257586, 211345000000
32.6155305993415, -20.270084895959133, 0.4864888740063986, 211379000000
32.6452879148153, -20.253697012660965, 0.5200697452548733, 211413000000
32.674483839414876, -20.236322046119884, 0.5535909823761739, 211447000000
32.70308553903189, -20.21797646395459, 0.5870576790552736, 211481000000
32.73105747074378, -20.198685611684322, 0.6205365279940516, 211515000000
32.758365933800484, -20.17846997929688, 0.6540469842346252, 211549000000
32.78498080042916, -20.157351274551033, 0.6875765478124497, 211583000000
32.81087059356546, -20.135354558630173, 0.7211326249644516, 211617000000
32.83600717056684, -20.112501324980386, 0.7547114413082714, 211651000000
32.860362435894714, -20.088817127627472, 0.7883010011166514, 211685000000
32.88390768679408, -20.064329402074332, 0.8219123221003111, 211719000000
32.90661821944731, -20.0390636979839, 0.8555079800487597, 211753000000
32.92846954685338, -20.013048324274067, 0.889081939065452, 211787000000
32.94943632908677, -19.986314535589724, 0.9226663053413768, 211821000000
32.96949655141121, -19.958888160628337, 0.9561855047757012, 211855000000
32.98862819792067, -19.930805711364723, 0.9896921614528766, 211889000000
33.006808336450206, -19.902096952782323, 1.0232080063051987, 211923000000
33.02401836026388, -19.872794628956616, 1.0566614912183891, 211957000000
33.04023129573324, -19.842946665065007, 1.0901345153385582, 211991000000
33.055418359269694, -19.812594234351625, 1.1240336785186837, 212025000000
33.06954666273278, -19.781762042425925, 1.1584744474961342, 212059000000
33.082576540049466, -19.750506435224334, 1.1931946623463991, 212093000000
33.09451811883739, -19.718793804783335, 1.2281394924584779, 212127000000
33.10535968947835, -19.686660046646242, 1.262486926964539, 212161000000
33.11510999942881, -19.654143615008095, 1.2963062275496704, 212195000000
33.1237665981709, -19.62129523727116, 1.3299247995052734, 212229000000
33.13131531240538, -19.588177043945525, 1.363537091002814, 212263000000
33.13774465882807, -19.554824488377996, 1.3972320155336118, 212297000000
33.14304824075146, -19.521276677580996, 1.4309042134245993, 212331000000
33.14721986605543, -19.48756777301583, 1.464568277557465, 212365000000
33.150254408270676, -19.45373881379749, 1.4982540589383138, 212399000000
33.152148577568646, -19.419829206199392, 1.5319444681867884, 212433000000
33.152898968750826, -19.38587495396599, 1.5656712897387557, 212467000000
33.15250447878155, -19.35191380215081, 1.5993774026117027, 212501000000
33.15096839597218, -19.31798274575378, 1.633020404206976, 212535000000
33.148291146631976, -19.28411905557485, 1.6666613285955105, 212569000000
33.14447738574971, -19.250366365600605, 1.7002932876898345, 212603000000
33.139531418458525, -19.216758190839666, 1.733890534163594, 212637000000
33.133460371467145, -19.183339977989213, 1.76747161149563, 212671000000
33.12627715467385, -19.150181299694644, 1.801460306579241, 212705000000
33.1179613029022, -19.117330380227717, 1.8361677265240695, 212739000000
33.10851134772256, -19.084827460759403, 1.871330147529723, 212773000000
33.09792536192167, -19.05268762101263, 1.90658281390289, 212807000000
33.08620954719675, -19.020926088272216, 1.9416332956340292, 212841000000
33.07337767058825, -18.989550069635772, 1.97620441310614, 212875000000
33.05946590885346, -18.958600836931765, 2.0102666485350875, 212909000000
33.04450168777911, -18.92812163025289, 2.0440508138154394, 212943000000
33.028515215930035, -18.898153628083932, 2.0777123293638984, 212977000000
33.01152832919883, -18.868733953703597, 2.1113099001469813, 213011000000
32.99356123881948, -18.839900444039113, 2.1448812710576495, 213045000000
32.97463758910611, -18.811685506663355, 2.1784679189384897, 213079000000
32.954776161411644, -18.784119379488235, 2.212003370960385, 213113000000
32.93400285619019, -18.75723274843039, 2.2455407686747044, 213147000000
32.91233979464439, -18.731058902357155, 2.2790762440921544, 213181000000
32.88981006909258, -18.70562321186495, 2.31256859309151, 213215000000
32.866439680798486, -18.680954695290918, 2.346043323564682, 213249000000
32.84225909099624, -18.657082713452784, 2.3795132534850683, 213283000000
32.81729295457666, -18.634033475001562, 2.4129843229830863, 213317000000
32.79158055845972, -18.611845691991984, 2.4465123649303, 213351000000
32.76515986306384, -18.590558936336585, 2.4805566625684716, 213385000000
32.7380513106004, -18.570210952600988, 2.5150928953571006, 213419000000
32.71026139726586, -18.550821763199338, 2.54981809916861, 213453000000
32.681811157489975, -18.53240846060613, 2.584467450142944, 213487000000
32.6527238925768, -18.514978523539742, 2.6188277466057026, 213521000000
32.62303093520963, -18.498532226732294, 2.652801717026311, 213555000000
32.59277698453835, -18.48308918025143, 2.6864532027933725, 213589000000
32.56200592241849, -18.468662212873298, 2.7198880101610676, 213623000000
32.530761141664605, -18.45526876353136, 2.753192494769717, 213657000000
32.49908437186426, -18.44291964908573, 2.786466716351199, 213691000000
32.4670150494084, -18.43162893728966, 2.819757778904773, 213725000000
32.43458972549434, -18.421410038585385, 2.8530472949334027, 213759000000
32.4018388217062, -18.41227624039619, 2.886318312121905, 213793000000
32.368802064130634, -18.404236782606308, 2.919587461357017, 213827000000
32.33551722553173, -18.397297641298145, 2.9528369694738, 213861000000
32.30202183849269, -18.391468069181492, 2.9860830621238628, 213895000000
32.268357068545406, -18.38675716474361, 3.019417554458451, 213929000000
32.234559898726545, -18.38317332629602, 3.0528170957288534, 213963000000
32.200663831651326, -18.380720622568756, 3.086229171821688, 213997000000
32.16670700006351, -18.379402509148708, 3.1196608554798337, 214031000000
32.132727996543494, -18.379219703414805, -3.13005717945909, 214065000000
32.09878524672959, -18.38017398110735, -3.096425405980379, 214099000000
32.064931328606264, -18.382279706524002, -3.0622276017347128, 214133000000
32.03120585414655, -18.385549271008195, -3.0275358838212485, 214167000000
31.997641466068718, -18.389990832764802, -2.9925498931078107, 214201000000
31.964247218635617, -18.39560701855288, -2.9575623549746495, 214235000000
31.93105698002766, -18.402386371032627, -2.922792843928024, 214269000000
31.898094932516745, -18.4103192133896, -2.888329898535272, 214303000000
31.865400617234684, -18.419383466552755, -2.854190296097292, 214337000000
31.83301441143958, -18.429553306443232, -2.820281684538721, 214371000000
31.80098387656994, -18.440817147594103, -2.786450396005098, 214405000000
31.76934838099236, -18.45315636902278, -2.752662124374853, 214439000000
31.73814260048927, -18.466560425740983, -2.7189289771200285, 214473000000
31.707403781211337, -18.481008598925868, -2.68523433035838, 214507000000
31.67716593465318, -18.496486353096845, -2.651582517895779, 214541000000
31.647459986711663, -18.51296961605799, -2.617986997243092, 214575000000
31.618326380502094, -18.530445470136634, -2.5843893091970815, 214609000000
31.58979724499009, -18.548887403032737, -2.5507901189059052, 214643000000
31.56190156193147, -18.568276800027665, -2.5172211272306533, 214677000000
31.534688687229444, -18.588578654951316, -2.483596298675955, 214711000000
31.50819212052159, -18.6097800136338, -2.449477652771297, 214745000000
31.48248118046898, -18.63184438409939, -2.414856492677426, 214779000000
31.457570332242856, -18.654789211400114, -2.3799050331096407, 214813000000
31.433469346108634, -18.678595065573674, -2.344993362655722, 214847000000
31.410181837562867, -18.703245984510414, -2.310674938691639, 214881000000
31.387723938639386, -18.728702933261427, -2.276804344067085, 214915000000
31.3661251760711, -18.75491331598316, -2.2431733779685143, 214949000000
31.345413256861363, -18.78184605530854, -2.209606547304784, 214983000000
31.325613343558892, -18.809459315962577, -2.1760999355543627, 215017000000
31.30674425042789, -18.837725120290948, -2.142662374680639, 215051000000
31.288831964070024, -18.86660281621133, -2.109220103938376, 215085000000
31.271891853762035, -18.89606687729144, -2.0757866679586288, 215119000000
31.255945813957386, -18.926080782203044, -2.0423750587751797, 215153000000
31.241011447884954, -18.956609476737952, -2.008954494698108, 215187000000
31.227104897139053, -18.987619941143198, -1.9755287436467572, 215221000000
31.214240512893685, -19.019081283167328, -1.9421534649651855, 215255000000
31.202431432294446, -19.05095471718614, -1.908791239740151, 215289000000
31.191692038011443, -19.083203847792564, -1.87543385218504, 215323000000
31.18203325844612, -19.1157942859932, -1.8420854440674446, 215357000000
31.173467906684508, -19.14868732315701, -1.8087320728674363, 215391000000
31.16600290446056, -19.181848943160837, -1.7753865663834543, 215425000000
31.159646922684473, -19.21524352917935, -1.7420975008291915, 215459000000
31.154403711611796, -19.248834432451137, -1.7088670631069476, 215493000000
31.150283914577653, -19.282558509025332, -1.6755410085064006, 215527000000
31.147303075026965, -19.316371832762677, -1.6416606744083895, 215561000000
31.145477450157063, -19.350252503685066, -1.6074642280102958, 215595000000
31.144816139738577, -19.384163515510355, -1.573163275507136, 215629000000
31.1453176690647, -19.41808787249087, -1.5390344591598621, 215663000000
31.146972041145283, -19.45200248930041, -1.5052103787815254, 215697000000
31.14976849178997, -19.485851798328316, -1.4714968636837011, 215731000000
31.153703100916967, -19.519583980165965, -1.437764534136684, 215765000000
31.158776749353972, -19.553165085914415, -1.4040424768130824, 215799000000
31.164976014572314, -19.586557479682984, -1.370322429018876, 215833000000
31.17229615804838, -19.619718549219588, -1.3365659354467154, 215867000000
31.180731281181803, -19.652617248934817, -1.3028473943203371, 215901000000
31.190270998455432, -19.685218224828386, -1.2691706608963025, 215935000000
31.20090230006727, -19.717479997273784, -1.2355001444457134, 215969000000
31.212613611613122, -19.749369862044013, -1.2018868182603137, 216003000000
31.22539061218578, -19.780854280633214, -1.1683535077755285, 216037000000
31.239214857457974, -19.811892829682797, -1.134860714438378, 216071000000
31.254070022424614, -19.84245030947549, -1.1013442912965223, 216105000000
31.269939571025944, -19.872488899969238, -1.0677955554685923, 216139000000
31.28679788864177, -19.901959380540028, -1.0341503642255372, 216173000000
31.30463035667778, -19.93081137261004, -0.9998461908717958, 216207000000
31.32342291515623, -19.958982065342607, -0.9650556995324356, 216241000000
31.34318231867105, -19.986467938307733, -0.929902299043363, 216275000000
31.36390057315514, -20.013244663645406, -0.8948190664388821, 216309000000
31.38555990761955, -20.03930537562681, -0.8601120481792996, 216343000000
31.40812735768014, -20.064631445782315, -0.8259435028257582, 216377000000
31.431563918863347, -20.089202640377184, -0.792134276788189, 216411000000
31.45583115576088, -20.11298614430587, -0.7586327261859964, 216445000000
31.480892881442053, -20.135962311646274, -0.7253752047906306, 216479000000
31.506709400171236, -20.15809847946159, -0.6922060249135878, 216513000000
31.533243355162888, -20.179355208509932, -0.6589774528456103, 216547000000
31.5604640453503, -20.199727620429, -0.6256929420184855, 216581000000
31.58834450376981, -20.21917705094013, -0.5923465892802744, 216615000000
31.616853382508367, -20.23768370872189, -0.5589346235979405, 216649000000
31.64596428807203, -20.2552249385335, -0.5255051994475534, 216683000000
31.675645911174307, -20.271785322185305, -0.4921086124531209, 216717000000
31.705862359884993, -20.287349208517565, -0.458726907542568, 216751000000
31.736578648283214, -20.301894004222177, -0.42530966966996514, 216785000000
31.767761243115938, -20.3154014595782, -0.39185717771794304, 216819000000
31.799377211574665, -20.327858703599908, -0.3583993556699484, 216853000000
31.831389214630153, -20.33924962682745, -0.32492187422794816, 216887000000
31.86376276649803, -20.34956121345928, -0.2914339335294409, 216921000000
31.896464609533428, -20.358782859707624, -0.2579728277119724, 216955000000
31.92945639506226, -20.366905918293753, -0.22450549754953741, 216989000000
31.962695578097417, -20.37391695257069, -0.1910306370532974, 217023000000
31.996138290190686, -20.379804749569043, -0.15739375061441413, 217057000000
32.02973464850887, -20.384559515655564, -0.12336551233104477, 217091000000
32.06344055828533, -20.38815243249195, -0.08886075740617132, 217125000000
32.09723793748272, -20.390571642250663, -0.05412765997346583, 217159000000
32.13109416346644, -20.39181395317938, -0.0194038638659382, 217193000000
32.16498661295104, -20.39188315152911, 0.01514009092772399, 217227000000
32.19888432772167, -20.390783504370894, 0.04941351861462868, 217261000000
32.232739350501674, -20.388527488777076, 0.08350130913520434, 217295000000
32.26650760113312, -20.385121515432093, 0.11748032448162972, 217329000000
32.30014597812059, -20.380574715579215, 0.15139378796936226, 217363000000
32.33361398052251, -20.37488764524086, 0.1852858934861565, 217397000000
32.36687224174199, -20.36807013662918, 0.2191603182508416, 217431000000
32.39987922584404, -20.360131339744594, 0.25305206668332636, 217465000000
32.43258903295842, -20.35107994633476, 0.28704992546855346, 217499000000
32.46496272793939, -20.340922245034992, 0.3211977542668054, 217533000000
32.49695594911689, -20.329666028306466, 0.3555321463932593, 217567000000
32.52852640801843, -20.317321293555647, 0.39003085039178514, 217601000000
32.559650571828925, -20.303895251408765, 0.42461891607552293, 217635000000
32.59028860212634, -20.289398520025415, 0.45927260793696095, 217669000000
32.62042936805503, -20.273843587635117, 0.49360323915217613, 217703000000
32.65004729862045, -20.25725885629513, 0.5275268648020918, 217737000000
32.67910104278661, -20.239671792168245, 0.5612828902437159, 217771000000
32.7075525555356, -20.221114792936884, 0.5949119117135228, 217805000000
32.73536884718897, -20.20161085478711, 0.6284728181258358, 217839000000
32.76251439939955, -20.181184025741135, 0.6620396896797245, 217873000000
32.7889575456271, -20.159858815105558, 0.6956106271717036, 217907000000
32.81466237664753, -20.13766531378173, 0.7292239602067359, 217941000000
32.83957004194744, -20.114641341672936, 0.7633794059926297, 217975000000
32.86363956346341, -20.09079824858559, 0.7980719528336261, 218009000000
32.88684820016909, -20.06614151037366, 0.8330183899290113, 218043000000
32.90919557412395, -20.040676067117396, 0.8677933283509907, 218077000000
32.930668910435685, -20.014428489900325, 0.9021484825300442, 218111000000
32.95125606151113, -19.987439960417685, 0.9360492500840734, 218145000000
32.970940172903646, -19.95974253988225, 0.9695701672662824, 218179000000
32.989708746735644, -19.93137927625847, 1.0027052969451633, 218213000000
33.00754481994136, -19.90239486657661, 1.0355459624776224, 218247000000
33.02442504886195, -19.87283683551479, 1.0683073212801337, 218281000000
33.0403229712313, -19.842748760234688, 1.101194155795544, 218315000000
33.05521425512548, -19.81216546490356, 1.134264198260213, 218349000000
33.06908175153679, -19.781113386256198, 1.1674355602576973, 218383000000
33.08190996880189, -19.749622368038857, 1.2006602389928704, 218417000000
33.0936809189645, -19.71773280866917, 1.2339587454732845, 218451000000
33.10438497555544, -19.685463525359577, 1.2673009521128553, 218485000000
33.11400619433081, -19.652860234024008, 1.3006856839098948, 218519000000
33.12253281576839, -19.619958826157603, 1.334091446722093, 218553000000
33.129956407099606, -19.58678999960466, 1.3675229312000161, 218587000000
33.136267704849175, -19.553394065368153, 1.4009308346027003, 218621000000
33.14145895171421, -19.519811845255802, 1.4343944978414433, 218655000000
33.14552157682808, -19.486079238574366, 1.4679130604528168, 218689000000
33.1484506233636, -19.45223435966453, 1.50147215189594, 218723000000
33.15024137733462, -19.41831264928562, 1.5350522876239587, 218757000000
33.15089199237179, -19.384352941177646, 1.5686557491848179, 218791000000
33.1504000386646, -19.35039467189408, 1.6022988884490752, 218825000000
33.148767001603396, -19.316489018243676, 1.636002560883027, 218859000000
33.14598484955158, -19.282700399762078, 1.6703044204241362, 218893000000
33.142034275588905, -19.24906250619185, 1.7052204301477227, 218927000000
33.13690819748375, -19.21561582023982, 1.7404425539093753, 218961000000
33.13060388175477, -19.18236065766367, 1.7755995422072741, 218995000000
33.123134670773354, -19.14933035389319, 1.8104906740593487, 219029000000
33.11451585443196, -19.116546755667876, 1.8449693993829017, 219063000000
33.10477019369458, -19.08404893412395, 1.8790826831720935, 219097000000
33.09392127970546, -19.051885319936318, 1.912988555538343, 219131000000
33.081986991762605, -19.020096831826734, 1.946763861852326, 219165000000
33.06898514279283, -18.988722703360384, 1.980469855158875, 219199000000
33.05493340904599, -18.957802603010183, 2.0141595380117057, 219233000000
33.03984926673218, -18.927373769017645, 2.0478418204987654, 219267000000
33.02374868898015, -18.897469091527185, 2.0815433020560934, 219301000000
33.006650154227074, -18.868124178468243, 2.115257213201647, 219335000000
32.98857256360303, -18.839371676569602, 2.1489717705293083, 219369000000
32.969536370059906, -18.81124422233509, 2.1826869643198, 219403000000
32.949562535363164, -18.78377223388857, 2.216380468260489, 219437000000
32.928680931827, -18.756999400066263, 2.250171841583328, 219471000000
32.90691375087023, -18.730960668467656, 2.284228468384834, 219505000000
32.88428502899535, -18.70569762201751, 2.318550181422884, 219539000000
32.86081349887411, -18.68124552162132, 2.3530902570091206, 219573000000
32.83650494844637, -18.657615278228654, 2.3877132845061224, 219607000000
32.81137867550082, -18.634819783704938, 2.421965164353952, 219641000000
32.78547307471773, -18.612878367260134, 2.4558387867192284, 219675000000
32.758829441012445, -18.59181096227872, 2.4895414747787954, 219709000000
32.73148854190446, -18.571651545389315, 2.5231408710285046, 219743000000
32.70348471299339, -18.552418531516853, 2.5567186585776605, 219777000000
32.67485260426454, -18.534137594821594, 2.590304079217869, 219811000000
32.64562457129003, -18.51682923926741, 2.6238722577869042, 219845000000
32.61585260806533, -18.50052905560695, 2.657727250378938, 219879000000
32.58557517700023, -18.485283063185403, 2.6920478103387375, 219913000000
32.55480134996516, -18.47107688054745, 2.7266770982703856, 219947000000
32.52354894921471, -18.45795284472398, 2.761254161636866, 219981000000
32.4918344841701, -18.445902326379098, 2.7954323556224705, 220015000000
32.45970241569449, -18.434923324302424, 2.8291880822890323, 220049000000
32.427199085726414, -18.425037350256098, 2.8627145011305517, 220083000000
32.39437700297485, -18.416243114594376, 2.8961731121497634, 220117000000
32.36128200543259, -18.408550669390042, 2.9296803266728557, 220151000000
32.32795236339382, -18.4019623894759, 2.9632488243339195, 220185000000
32.29441778299572, -18.396492879998384, 2.996786338621616, 220219000000
32.26071562626545, -18.39215143441962, 3.0302916588968802, 220253000000
32.22688367099923, -18.38893589782227, 3.0637564604589227, 220287000000
32.19295682232041, -18.386850960888257, 3.097148421439737, 220321000000
32.15898767019919, -18.385900733069857, 3.130663580359871, 220355000000
32.12501678434164, -18.386093981187184, -3.1188606196630584, 220389000000
32.09107241852857, -18.387429844843815, -3.0852161432138194, 220423000000
32.05718919759478, -18.389907489261905, -3.051602572986988, 220457000000
32.023406347144245, -18.39352188576884, -3.0180261543050784, 220491000000
31.98976551481477, -18.398267483137, -2.984453275228733, 220525000000
31.956303119625158, -18.404138561407528, -2.9508806504494345, 220559000000
31.923057727947107, -18.41112884293889, -2.9173046007213816, 220593000000
31.890066674050754, -18.419230832536456, -2.883734370527687, 220627000000
31.857367311445575, -18.42843531363314, -2.8501668686068267, 220661000000
31.824996116255832, -18.43873163187055, -2.816607397208581, 220695000000
31.792991588026332, -18.450108057437518, -2.7830279851920006, 220729000000
31.7613896892456, -18.462552844701037, -2.7494274251413544, 220763000000
31.730225240711295, -18.47605233014763, -2.7158222662874265, 220797000000
31.699544662623964, -18.490584353824197, -2.6821578567655933, 220831000000
31.669399708918366, -18.506137649573734, -2.6480054592256512, 220865000000
31.639845118944564, -18.522703331218075, -2.613362298381033, 220899000000
31.610906460984147, -18.540277285544576, -2.5784313767626306, 220933000000
31.582598359941684, -18.558855426824717, -2.5434882655993145, 220967000000
31.5549380825698, -18.578419088797283, -2.508806627692902, 221001000000
31.527945127303745, -18.598945697329533, -2.4744912867834086, 221035000000
31.50164804114704, -18.620397887964437, -2.440524267457978, 221069000000
31.476072868262452, -18.642741718767432, -2.406847491875493, 221103000000
31.45125386388382, -18.66593886661859, -2.373303644727881, 221137000000
31.427223231374676, -18.689957700284065, -2.339805820447873, 221171000000
31.4040078882878, -18.714769803139703, -2.306339335448401, 221205000000
31.381634888483866, -18.74034539831538, -2.2728793309915782, 221239000000
31.360129388012396, -18.766655609723365, -2.239422463368507, 221273000000
31.339516591131297, -18.793669144255936, -2.2059578392561576, 221307000000
31.319819583227858, -18.821356973935888, -2.1724759522013812, 221341000000
31.30106007359752, -18.849689171167014, -2.138985561327144, 221375000000
31.28326032755726, -18.878632689820606, -2.1054770797141336, 221409000000
31.266439287868952, -18.908156951174096, -2.071978610824293, 221443000000
31.250614494464344, -18.938229808033146, -2.038505005270594, 221477000000
31.235804985368034, -18.96881498290251, -2.005020813283223, 221511000000
31.222026322167167, -18.999880009045377, -1.971554027256481, 221545000000
31.20929785187903, -19.03138051910003, -1.9380536725659137, 221579000000
31.197641435931832, -19.063274692861683, -1.904293748163523, 221613000000
31.187078868058833, -19.095528438535574, -1.870271990178508, 221647000000
31.17762393375154, -19.128116658856158, -1.8361065231644933, 221681000000
31.169291636151467, -19.16100302638721, -1.8018471454081268, 221715000000
31.16209148079906, -19.194153564144553, -1.7675707296980914, 221749000000
31.156029489430697, -19.227538730205744, -1.7334021813687104, 221783000000
31.151105246937657, -19.261126269796634, -1.6994265277999299, 221817000000
31.14731803934469, -19.294877762277178, -1.6656636840871126, 221851000000
31.14466819984171, -19.328750530498475, -1.632050416766115, 221885000000
31.14315452034847, -19.362698542551612, -1.5985033360279763, 221919000000
31.142778000382304, -19.396678696285125, -1.5649757448871215, 221953000000
31.143539771500652, -19.43066273159054, -1.5315384685478375, 221987000000
31.1454344509669, -19.464596863283816, -1.4981315095470453, 222021000000
31.14846200107847, -19.498445605983562, -1.4646628962811208, 222055000000
31.15262052177508, -19.532167887488807, -1.4311365235557898, 222089000000
31.157906550626947, -19.565729395678375, -1.3976014474967584, 222123000000
31.16431462714333, -19.599093451081945, -1.3640651176183443, 222157000000
31.171837790056806, -19.632219971735182, -1.330498496466629, 222191000000
31.180466571299508, -19.66506628244128, -1.2968944930174464, 222225000000
31.190191250236854, -19.697569448289613, -1.2628303947056547, 222259000000
31.201011146010845, -19.72966476257576, -1.2281524019324601, 222293000000
31.212938083999024, -19.76132172920792, -1.1927971967227735, 222327000000
31.225982656490103, -19.79252674542559, -1.1572729558982802, 222361000000
31.24013390488476, -19.82328318185862, -1.1222448530354876, 222395000000
31.255364794978796, -19.853573176763263, -1.0878189520570827, 222429000000
31.271638973273834, -19.883352926171625, -1.0538896612011825, 222463000000
31.28892310305673, -19.91259547432877, -1.020231956341063, 222497000000
31.30718865165529, -19.941264344244807, -0.986897943014999, 222531000000
31.326406693499422, -19.96932586267722, -0.9538001981114235, 222565000000
31.34654377372555, -19.99673768709019, -0.920733642747871, 222599000000
31.367571407258342, -20.023460784512288, -0.887541444812255, 222633000000
31.389468819042165, -20.049462432698014, -0.8542145584256644, 222667000000
31.412217136487985, -20.074715487986616, -0.820815291786751, 222701000000
31.435792538273514, -20.099190509808995, -0.7873537810267869, 222735000000
31.460170460080818, -20.122859832705437, -0.7538203500471387, 222769000000
31.485327537712607, -20.145698830044388, -0.7202746896758684, 222803000000
31.511235828065544, -20.16768154370602, -0.6867192270090429, 222837000000
31.53786560994669, -20.188781963379608, -0.6531407254497628, 222871000000
31.565191513465177, -20.20897800022584, -0.6196002344625767, 222905000000
31.59318113720346, -20.228251758565808, -0.5861087041349617, 222939000000
31.62179855619415, -20.246578540854607, -0.5526140204425423, 222973000000
31.651012227784665, -20.263937637405597, -0.5191188696109942, 223007000000
31.6807900656914, -20.280304833815418, -0.48562306303119707, 223041000000
31.7110954566554, -20.295664448786937, -0.452084906145123, 223075000000
31.74189705579774, -20.309998378626016, -0.41854162822681096, 223109000000
31.773160547805787, -20.323290237307486, -0.38499430157636705, 223143000000
31.80484532941761, -20.335521399181953, -0.3514031886267071, 223177000000
31.83689577057381, -20.346665000305187, -0.3174292114432495, 223211000000
31.869284476039677, -20.356694146676947, -0.2830979280898803, 223245000000
31.90197051916094, -20.36558095302718, -0.2484869301684904, 223279000000
31.934942189689075, -20.373344062382575, -0.2135315631704329, 223313000000
31.968172535844687, -20.379943920294274, -0.17879825646240965, 223347000000
32.00165702598843, -20.385404281233868, -0.14465013571835256, 223381000000
32.03534157401453, -20.389723857371653, -0.11093921686365131, 223415000000
32.069165303242954, -20.39291199678435, -0.07737954042611855, 223449000000
32.10307231889974, -20.39496296588508, -0.043753930686949646, 223483000000
32.13702244834081, -20.395873013139113, -0.010036309494073829, 223517000000
32.17097879835547, -20.395638442922273, 0.023747262131332807, 223551000000
32.204908139439446, -20.39425850790099, 0.057531348232065946, 223585000000
32.23877099034959, -20.39173434125009, 0.09133168761048999, 223619000000
32.272527749328205, -20.38806837044551, 0.1251524309893756, 223653000000
32.306142515514686, -20.383265407450644, 0.15895719836937505, 223687000000
32.33957512274399, -20.377328791569838, 0.19278077671657545, 223721000000
32.372786741875814, -20.370264896871614, 0.22662904290313934, 223755000000
32.40574141391919, -20.36208205729616, 0.2604705186558602, 223789000000
32.43840436661682, -20.352789252403483, 0.2942886605899858, 223823000000
32.47074041209576, -20.34239910293479, 0.3280164060212333, 223857000000
32.50271196553848, -20.33092221471019, 0.3616758741652689, 223891000000
32.53428128530855, -20.318377756896766, 0.3953036503128613, 223925000000
32.56541342575649, -20.30477967913523, 0.4288955171846831, 223959000000
32.59607077787147, -20.29014428411959, 0.4624826050144382, 223993000000
32.62621842267845, -20.27448832265247, 0.4960645256698017, 224027000000
32.65582416740933, -20.25782905700823, 0.5296204348658868, 224061000000
32.68485224594207, -20.24018647478078, 0.5631880701094383, 224095000000
32.71326972747631, -20.221580140852375, 0.5967599768832184, 224129000000
32.74104018307847, -20.202035632716473, 0.6303590988198425, 224163000000
32.76810187311089, -20.181581793860218, 0.6644528690151206, 224197000000
32.79441266310144, -20.160233706050178, 0.6990482547839875, 224231000000
32.81992840271389, -20.138018732871753, 0.7340660399016673, 224265000000
32.844619690451154, -20.114916816381733, 0.769764547357387, 224299000000
32.86847548003767, -20.09094398739947, 0.8052564759735856, 224333000000
32.8915156350914, -20.066104244269905, 0.8399755514795653, 224367000000
32.91372673658247, -20.040449644949177, 0.8739642595283503, 224401000000
32.935079637460525, -20.014058691887385, 0.9075668871892432, 224435000000
32.95552117218415, -19.986961414893194, 0.941433085438587, 224469000000
32.97501547621267, -19.959185800677513, 0.9755663599130366, 224503000000
32.993555274122464, -19.930754801621923, 1.0096063574939211, 224537000000
33.01113816046878, -19.901691228395126, 1.043276157926935, 224571000000
33.02775921953641, -19.872027197300916, 1.076485055580199, 224605000000
33.04340604549597, -19.841806710300833, 1.109340810944208, 224639000000
33.05806000565193, -19.811079869275233, 1.1420507664587893, 224673000000
33.07169979193099, -19.779894001868605, 1.174805484853792, 224707000000
33.0843048245363, -19.748286922903734, 1.207716939446337, 224741000000
33.09585659244177, -19.71629322005618, 1.2407871495639866, 224775000000
33.106340882035404, -19.683941660486077, 1.2739467366498611, 224809000000
33.11574581776592, -19.651263849115633, 1.3071496307024648, 224843000000
33.124058857168826, -19.61829692272441, 1.3404270755378134, 224877000000
33.13127030640874, -19.585073624181977, 1.3737429776692056, 224911000000
33.13737149678779, -19.55162812519098, 1.4070559270884868, 224945000000
33.142357782031354, -19.518002058813362, 1.4404326420762883, 224979000000
33.146213512930096, -19.48424334807462, 1.474010005797965, 225013000000
33.1489303107076, -19.450386453709484, 1.5077397874819616, 225047000000
33.150503016389365, -19.41646485848193, 1.5415671261880424, 225081000000
33.15092809672934, -19.382513087277893, 1.5754414281465428, 225115000000
33.15020371862194, -19.348564373611723, 1.609303621197156, 225149000000
33.14833312803289, -19.31465243405253, 1.6430461665888876, 225183000000
33.1453213752213, -19.28081714917197, 1.6767146915147664, 225217000000
33.14117357889951, -19.24710050368202, 1.710347599603521, 225251000000
33.13589533669571, -19.213540950860704, 1.7439463056440896, 225285000000
33.129493384806686, -19.180176853603204, 1.777521528246458, 225319000000
33.12197662700735, -19.147054955666288, 1.8111113106565415, 225353000000
33.113353272790455, -19.1142215255206, 1.8449289375687496, 225387000000
33.10362425588612, -19.081728016918817, 1.8791130161463427, 225421000000
33.09279153464135, -19.04961571693903, 1.9136260794753084, 225455000000
33.080858451416105, -19.01792535222454, 1.948506226756009, 225489000000
33.06782984938503, -18.98670003657544, 1.983712544517807, 225523000000
33.05371178539878, -18.95597756077078, 2.0191909766969958, 225557000000
33.03850416158165, -18.92576750470115, 2.0547230466818216, 225591000000
33.0222211363976, -18.896077225596287, 2.0896583796654435, 225625000000
33.00489092541283, -18.866913225487476, 2.123851607172679, 225659000000
32.98657640075435, -18.838342927439086, 2.1575027668006044, 225693000000
32.96730758652233, -18.810406985324747, 2.191464872137558, 225727000000
32.94709801519663, -18.78314459771587, 2.225656971883753, 225761000000
32.92596267764741, -18.756585806539874, 2.259590711100731, 225795000000
32.90393801159696, -18.73075550448452, 2.2933480075190307, 225829000000
32.8810590597461, -18.705670118063683, 2.3272303622847326, 225863000000
32.85734156930957, -18.68137124847868, 2.3610765494697277, 225897000000
32.83280679472599, -18.657875216224166, 2.3947298701726587, 225931000000
32.80748255514614, -18.63520613811748, 2.4281195745608612, 225965000000
32.78140901683075, -18.61338689493942, 2.4613843240305617, 225999000000
32.75462584801882, -18.59244850474033, 2.494675804838424, 226033000000
32.727162654329774, -18.572413800883474, 2.5280022501593313, 226067000000
32.69904965394028, -18.55330656602699, 2.5613673813919, 226101000000
32.67031923635771, -18.535151158537367, 2.594796250313046, 226135000000
32.64099859199608, -18.517964612245724, 2.628241441053717, 226169000000
32.61112020132694, -18.501767623912272, 2.661695211074462, 226203000000
32.58071839386424, -18.486579397199804, 2.695173366252225, 226237000000
32.54982420175944, -18.472415312507636, 2.7286326602647732, 226271000000
32.518472354367496, -18.459290918362004, 2.7620764462086713, 226305000000
32.486697666890734, -18.44722483811928, 2.7955195884868504, 226339000000
32.454536746277, -18.436222165860926, 2.8289371740200067, 226373000000
32.42203189175349, -18.426297990146377, 2.862390550030264, 226407000000
32.38921741322993, -18.417469794212522, 2.8958996747001304, 226441000000
32.35612907908634, -18.409748134554963, 2.9294346402049687, 226475000000
32.322803247973035, -18.403140852990724, 2.9629866407937584, 226509000000
32.28927574428722, -18.3976549795728, 2.9965357976245657, 226543000000
32.25558502196688, -18.393297315646844, 3.0300931946006933, 226577000000
32.22176950025685, -18.390073275094878, 3.06366275279376, 226611000000
32.187864731576255, -18.38798587770407, 3.097212414555379, 226645000000
32.15391066127915, -18.387037957013398, 3.130767391832213, 226679000000
32.1199467738265, -18.38723093882889, -3.118847113610877, 226713000000
32.08600803725027, -18.38856431221461, -3.0853025562104412, 226747000000
32.05216432739667, -18.391036678527392, -3.051446927631103, 226781000000
32.01847389228723, -18.394665579554722, -3.0169024213965336, 226815000000
31.984973307541242, -18.39945987267522, -2.98189867579903, 226849000000
31.951690693645133, -18.405433316183835, -2.9464030179547867, 226883000000
31.918643607529226, -18.41258904993317, -2.9108848056832533, 226917000000
31.885830731184207, -18.420921275674154, -2.8758881561175524, 226951000000
31.85328216166621, -18.43040306309332, -2.841491359577405, 226985000000
31.82104113693967, -18.440992188279946, -2.807530318726329, 227019000000
31.78915484972556, -18.45266544270679, -2.773843182124069, 227053000000
31.75767265351406, -18.46540378062853, -2.740235933630464, 227087000000
31.726642290428327, -18.479192585325286, -2.706551547805679, 227121000000
31.696107306711475, -18.49402292195453, -2.672698080076074, 227155000000
31.66609928958815, -18.509890900221052, -2.6387553291271417, 227189000000
31.636636607886143, -18.52676824467123, -2.604939054066939, 227223000000
31.607748020143006, -18.54462588117459, -2.57127679544795, 227257000000
31.5794725476633, -18.563447273495772, -2.537660842696684, 227291000000
31.551842046943417, -18.5832100043385, -2.5040838098942553, 227325000000
31.524890348565023, -18.603889178947284, -2.4705003762713864, 227359000000
31.498649831925686, -18.625459384965186, -2.43690238020993, 227393000000
31.473146882012696, -18.64790096948302, -2.403309821097737, 227427000000
31.448412874087655, -18.671185655559555, -2.3696946086223765, 227461000000
31.424475817910885, -18.695287852815884, -2.3360688726958925, 227495000000
31.40135985844769, -18.72018248683897, -2.3024744316193138, 227529000000
31.379092187981747, -18.745839666481277, -2.2688816740718303, 227563000000
31.357698126510737, -18.772230331882547, -2.2352914425281702, 227597000000
31.337199913928824, -18.79932605106729, -2.201730246123799, 227631000000
31.317621030400343, -18.827094961262183, -2.168179267831976, 227665000000
31.298983346090864, -18.855505622959104, -2.1346383629193113, 227699000000
31.28130709994968, -18.88452634246209, -2.101115494974615, 227733000000
31.26461188487004, -18.914124144819706, -2.06760729931179, 227767000000
31.248915721733585, -18.94426595889014, -2.034117915631649, 227801000000
31.234248253907307, -18.974898874540763, -2.0004341971782624, 227835000000
31.22064251293132, -19.00597904228247, -1.966292202081356, 227869000000
31.20812171433532, -19.037486647762194, -1.9317708939635643, 227903000000
31.19670918272567, -19.069387067452382, -1.896974694792635, 227937000000
31.186416946740977, -19.101662922514933, -1.8621000387774724, 227971000000
31.177252509453332, -19.134287862987545, -1.8273651505990527, 228005000000
31.169217507136786, -19.167228631589484, -1.7928687233922136, 228039000000
31.162309965943795, -19.200459345842166, -1.7587317789656745, 228073000000
31.156528468348395, -19.233927995005427, -1.7250253245580651, 228107000000
31.15187281214176, -19.267578325882724, -1.6914244486294656, 228141000000
31.148346531414667, -19.30138895576306, -1.6579285137526447, 228175000000
31.14594345209867, -19.335292521585043, -1.6245036033859013, 228209000000
31.14468342359802, -19.369252670813076, -1.591042118922874, 228243000000
31.144558510713896, -19.403232667979932, -1.5575361791424474, 228277000000
31.145571462453102, -19.437195103439848, -1.5240125320791862, 228311000000
31.147722139699365, -19.471101390149165, -1.4904677338003172, 228345000000
31.151008544046753, -19.50491427916288, -1.456914545590508, 228379000000
31.155427577553937, -19.53859611798607, -1.4233568542966695, 228413000000
31.1609743187584, -19.572109250877354, -1.389800152898348, 228447000000
31.1676423484756, -19.60541597926338, -1.356244563496774, 228481000000
31.175423792050275, -19.63847256522283, -1.3226463721059922, 228515000000
31.184299752381527, -19.671204592774526, -1.2886690530932108, 228549000000
31.19429794056284, -19.703584764135844, -1.2540086616209993, 228583000000
31.20540770703544, -19.73556580990006, -1.2190076166079182, 228617000000
31.217631731110373, -19.76714063412731, -1.1840542316990206, 228651000000
31.230958105646238, -19.79829301712136, -1.1493952772392158, 228685000000
31.245363550307292, -19.8289951685152, -1.1151037457457582, 228719000000
31.260818242391625, -19.859208727434726, -1.0811380595241016, 228753000000
31.27729530347915, -19.888897603896773, -1.0473848836713653, 228787000000
31.29476739311998, -19.918020924176208, -1.0137228132385492, 228821000000
31.313211528294495, -19.946544768353146, -0.9801249395766656, 228855000000
31.332604927169136, -19.974437012323904, -0.9465663162850686, 228889000000
31.3529232372813, -20.00166291726678, -0.9130031384679007, 228923000000
31.37414348980034, -20.028191713682705, -0.8794428589200579, 228957000000
31.396241325010312, -20.053993133522752, -0.845873932364486, 228991000000
31.41919231667091, -20.079038232417233, -0.8122784681304632, 229025000000
31.442971228539854, -20.103298225729652, -0.7786739999593375, 229059000000
31.46755166809562, -20.126745909805102, -0.7450664546471233, 229093000000
31.492906804708213, -20.149355862686924, -0.7114736026405233, 229127000000
31.51900774584153, -20.171103002024932, -0.6778934730714279, 229161000000
31.545824008045983, -20.191961995735383, -0.6443110167386044, 229195000000
31.573327043970636, -20.2119111747741, -0.6107572649894654, 229229000000
31.601476915003712, -20.230919246990332, -0.5771080283177792, 229263000000
31.630232430540012, -20.248954189529297, -0.5432046796766635, 229297000000
31.659576169185854, -20.265994698302386, -0.509073768182057, 229331000000
31.68947597135624, -20.282017264689145, -0.4747723697779722, 229365000000
31.71989694347027, -20.29699613789016, -0.4403776618779733, 229399000000
31.750817272559136, -20.310921237566557, -0.40602597183802985, 229433000000
31.782212914965683, -20.3237848120925, -0.3717807590388345, 229467000000
31.814038756879008, -20.335571758630934, -0.337687653825315, 229501000000
31.846263584519107, -20.346275779986453, -0.30383607088192893, 229535000000
31.878850035329688, -20.355895176474537, -0.27021339058340726, 229569000000
31.911749258641102, -20.364419325621963, -0.23672454103363327, 229603000000
31.944922928550202, -20.37183946792554, -0.20332940704977773, 229637000000
31.97832078051134, -20.378150951466054, -0.16991185668468453, 229671000000
32.011904925024474, -20.38334682248827, -0.13643448714852285, 229705000000
32.045640763451246, -20.387409784810092, -0.10292037656512468, 229739000000
32.079490057412855, -20.390339577833945, -0.06937792235763081, 229773000000
32.11341706599588, -20.392132880380647, -0.03583580996571151, 229807000000
32.1473830466837, -20.392787054963872, -0.0022838221211244356, 229841000000
32.1813489838996, -20.39230082133939, 0.031284742608932166, 229875000000
32.21526417586465, -20.3906758538211, 0.06488351824791135, 229909000000
32.249074610137185, -20.387904703968832, 0.09908171140013312, 229943000000
32.28271049560165, -20.383972499483065, 0.1338819571586244, 229977000000
32.31616734604511, -20.37886207322401, 0.16907525534974652, 230011000000
32.3494210765643, -20.372575753325386, 0.2042719962788186, 230045000000
32.38245881743233, -20.365120575209506, 0.23912083122471914, 230079000000
32.415257841156105, -20.356512707742933, 0.2734644706807913, 230113000000
32.44777358107965, -20.346789668408338, 0.3074432529942784, 230147000000
32.479957879067186, -20.33597151375279, 0.3412195694357044, 230181000000
32.511766966635015, -20.32407535081074, 0.3749011102527745, 230215000000
32.543156214905814, -20.311104614035397, 0.4086077133401651, 230249000000
32.57409296305508, -20.297082562933763, 0.44228633940314965, 230283000000
32.604543477229484, -20.282031400178635, 0.4759360995058982, 230317000000
32.6344705693149, -20.26596479416649, 0.5095878946275778, 230351000000
32.66383950154315, -20.248901239688557, 0.5432520772938075, 230385000000
32.69261692938015, -20.23085840144186, 0.5769417965380815, 230419000000
32.72077003957187, -20.21185726440925, 0.6106425890235366, 230453000000
32.74826906392898, -20.19191824237961, 0.6443244816501941, 230487000000
32.77508204167685, -20.171064522057222, 0.6780089992348854, 230521000000
32.80118125616905, -20.14932036321187, 0.7116540368567047, 230555000000
32.82653921301486, -20.126707693450946, 0.7452303411849229, 230589000000
32.851124625530446, -20.103252444384268, 0.7787874208058659, 230623000000
32.87490921299173, -20.078991033972784, 0.8123265369215664, 230657000000
32.89786822217444, -20.053944650685928, 0.8458526195889922, 230691000000
32.91997257634256, -20.028144845111502, 0.8794002071956918, 230725000000
32.94119219544689, -20.001625629270706, 0.9130117655207078, 230759000000
32.96148106623006, -19.974432479179466, 0.9470384641371672, 230793000000
32.9808032529511, -19.9465858686651, 0.9815763108032884, 230827000000
32.99912468393254, -19.918118048625686, 1.0164354131632516, 230861000000
33.016420841716226, -19.88904249273016, 1.0518309029459572, 230895000000
33.03267364517829, -19.85936850035688, 1.087230640603186, 230929000000
33.04790201930603, -19.829092988960817, 1.121882726881368, 230963000000
33.06210791959531, -19.79826315108588, 1.1558260605104096, 230997000000
33.0752657636275, -19.766964842983445, 1.1894030133431195, 231031000000
33.087371163761574, -19.735227283573355, 1.2230938198434462, 231065000000
33.09840553310083, -19.703093832325393, 1.256747490742022, 231099000000
33.108367180001785, -19.670586434093316, 1.2900696076424205, 231133000000
33.11725634048153, -19.637736478958097, 1.3229654776987323, 231167000000
33.12507113220484, -19.604593479355483, 1.3556015229457246, 231201000000
33.131806485729264, -19.571205856372742, 1.3881340888881795, 231235000000
33.1374501831621, -19.537619962644047, 1.4207107578010307, 231269000000
33.14199356379718, -19.50389478692766, 1.4535362711465145, 231303000000
33.14541622444232, -19.470054803288143, 1.48672954034513, 231337000000
33.14771054125164, -19.43614189884645, 1.5201634271551334, 231371000000
33.14886718676766, -19.402182829804378, 1.553729006437435, 231405000000
33.14888407756006, -19.368207290177324, 1.5873117375242436, 231439000000
33.147761435573145, -19.33424624138837, 1.6208308100555961, 231473000000
33.14550252638372, -19.30034483689112, 1.6543563639647851, 231507000000
33.14210876130419, -19.26654014229222, 1.6878988077254855, 231541000000
33.13758341790541, -19.232869769512572, 1.721443789080726, 231575000000
33.131931489230844, -19.199372246722096, 1.7549980285280282, 231609000000
33.125159210422616, -19.166085137254047, 1.7885584145081217, 231643000000
33.11727381501521, -19.133047084481532, 1.822141565753353, 231677000000
33.10828338012042, -19.100295159100874, 1.855746090392242, 231711000000
33.098197154789425, -19.06786566377745, 1.889370828557413, 231745000000
33.0870270512956, -19.0357992067496, 1.9230436923713563, 231779000000
33.07478295596814, -19.004128849230643, 1.9567434907349588, 231813000000
33.06147841375275, -18.972890385093336, 1.990458131938625, 231847000000
33.04713007733036, -18.942125230922656, 2.0242477428863523, 231881000000
33.03175673531371, -18.91188663694405, 2.0583011392463377, 231915000000
33.01536663003115, -18.88221081179221, 2.0926694305879057, 231949000000
32.99796944249196, -18.85313388091256, 2.127295717095473, 231983000000
32.97957533190339, -18.824682627696607, 2.162014158373239, 232017000000
32.9602047178073, -18.796888408047653, 2.196680837914293, 232051000000
32.9398733355567, -18.769767900593028, 2.231201446262294, 232085000000
32.91860832028731, -18.743347667411783, 2.265433726222702, 232119000000
32.896438540919775, -18.717644585520166, 2.299372531576929, 232153000000
32.873402515606045, -18.692697658866365, 2.3331219521821143, 232187000000
32.849532433374776, -18.668533822086566, 2.3667535217989113, 232221000000
32.8248599059042, -18.645180850393412, 2.4003183942196618, 232255000000
32.79941668152254, -18.622667721635885, 2.43385582966443, 232289000000
32.7732324333929, -18.6010190941961, 2.4673934989074007, 232323000000
32.746337147635515, -18.58026016552261, 2.500943921327217, 232357000000
32.71875993599202, -18.560413958900867, 2.534482749255172, 232391000000
32.69053272733644, -18.54150512861763, 2.5680144394666193, 232425000000
32.66169389731699, -18.523557308520452, 2.601621110461324, 232459000000
32.63227402427407, -18.50659362613846, 2.635351084465236, 232493000000
32.60230207460095, -18.4906335164731, 2.6692209487521055, 232527000000
32.5718174672926, -18.475706805648667, 2.703202336076963, 232561000000
32.54085120062758, -18.461831091428362, 2.7372354267502645, 232595000000
32.5094208493586, -18.44901284467047, 2.771234399929786, 232629000000
32.47757049775443, -18.437266985226675, 2.8051964967933167, 232663000000
32.44532887383868, -18.42660192789595, 2.8390303707233544, 232697000000
32.41273941381725, -18.4170335890697, 2.8727480402991463, 232731000000
32.37983814152542, -18.40855947123445, 2.9063800549768124, 232765000000
32.34666451082893, -18.401195167635628, 2.939922954866696, 232799000000
32.31325896670493, -18.394946687228302, 2.9734224016262516, 232833000000
32.27965663836015, -18.389817542897244, 3.006889946170516, 232867000000
32.24589674153249, -18.385810574572364, 3.0402510289268094, 232901000000
32.21202129853685, -18.382931156237532, 3.0735822955881242, 232935000000
32.17807680861784, -18.38117915511456, 3.106995707149925, 232969000000
32.14409847007949, -18.38056529845713, 3.140475568571614, 233003000000
32.110123915305785, -18.381090043682086, -3.1091835227179243, 233037000000
32.0761881501905, -18.382752776250335, -3.075650963021907, 233071000000
32.04233551893517, -18.38555221395814, -3.0420606626733937, 233105000000
