imu_ax, imu_ay, kf_ax, kf_ay, kf_vx, kf_w, kf_x, kf_y, odom_x, odom_y, odom_th, odom_vx, odom_vy, odom_w, stamp, 
-0.007360398769378662, -0.015488386154174805, -0.005659331229399866, -2.0837883832737585e-09, -6.454378905459446e-05, 7.364079955060823e-06, 1.0893903861118115e-05, 0.0, 1.1080988770117983e-05, -1.2951451026310679e-05, 0.00012732326867663776, 8.196341121142425e-07, -9.580637416275731e-07, 9.57330394157907e-06, 1731624570784131033, 
-0.01820451021194458, 0.011426389217376709, -0.014546098202603384, -1.478308168025398e-08, -0.0002737086445875268, 5.499544508282595e-06, 3.82014772617544e-05, 4.208950024379687e-12, 1.1101741620223038e-05, -1.2975703612028155e-05, 0.00012756177569862889, 4.0469487583114463e-07, -4.7304362936832485e-07, 4.73410364065785e-06, 1731624570835405891, 
-0.02216583490371704, -0.012353122234344482, -0.019895024022847305, -3.963245501673979e-07, -0.0005263267652744778, 0.0004228468542210291, 7.186711838768599e-05, 2.148517884418756e-11, 1.3529815987567417e-05, -1.5813191566849127e-05, 0.00015545838934070833, 5.207726170531976e-05, -6.0871443477880965e-05, 0.000598526035901159, 1731624570882025451, 
0.02797943353652954, 0.009195804595947266, 0.013779090070753501, 6.531862078485172e-05, -0.0009172634644388105, 0.10986379269502125, 3.899936439058423e-05, -5.371243310598969e-10, -2.2267355234362185e-05, 8.517378591932356e-05, 0.00806259123764942, -0.0007061589303000938, 0.0019930475384600985, 0.15603312849998474, 1731624570932697870, 
-0.21163398027420044, 0.9889612197875977, -0.14461423265134582, -0.004883107589028288, -9.34646257537094e-06, 0.5354196931062087, 0.0001480395281805537, 9.234383715983452e-09, 5.518021134776063e-05, 0.0002852384059224278, 0.03687358245290923, 0.0019622845388007184, 0.004949683211430274, 0.7149815559387207, 1731624570972990107, 
-0.1332913041114807, 0.2806907296180725, -0.13577075746135756, -0.014162825289298842, 0.0032896336502685093, 0.9293809864796532, 0.0008840674021229837, 1.8287075792092257e-05, 0.0005675538559444249, 0.0007169571472331882, 0.09117517595503796, 0.010654529802441247, 0.008325031367749317, 1.0956144332885742, 1731624571022543850, 
-0.5558274388313293, 0.5977602601051331, -0.4216240580062729, -0.09005927241100971, 0.006643426854867657, 1.2506797123060496, 0.0023271434497058666, 0.00013492614902222907, 0.0014748452231287956, 0.0006832980434410274, 0.1612001112380011, 0.017831604302483945, -0.002299519236798055, 1.3862531185150146, 1731624571073044484, 
-0.4101991057395935, 0.5356194972991943, -0.39062548033125816, -0.14298332327655353, 0.00976420247557603, 1.615209101041821, 0.004869549245414527, 0.000603344351545081, 0.0032357561867684126, 0.0006496096611954272, 0.26691121876532303, 0.029011925200470662, -0.00528884377193677, 1.7690238952636719, 1731624571132770742, 
0.7361845970153809, 0.6007121205329895, 0.3417219131048497, 0.19745432027916757, 0.035419946854887065, 1.8887331005455108, 0.00741280711615146, 0.0014931575058427249, 0.008223445154726505, 0.0014016779605299234, 0.4681420028442589, 0.052624212477849736, -0.0101994774282325, 2.00414776802063, 1731624571232689204, 
-0.4472164511680603, 0.9462294578552246, -0.1492911740749501, -0.1290311671583087, 0.06153396001635772, 1.88654001553158, 0.010718223644991899, 0.0033281638682793233, 0.015207119286060333, 0.00502217561006546, 0.740145353556158, 0.06401804377567787, -0.004133937941736411, 1.8856146335601807, 1731624571372571676, 
-0.14438563585281372, 0.38664329051971436, -0.09905023545493437, -0.12561294134232712, 0.05633789714672109, 1.926787294355719, 0.015818416066954676, 0.007686001430318163, 0.019833890721201897, 0.008991893380880356, 0.9317940202062732, 0.0619434429131137, 0.0012148587562851117, 1.9437698125839233, 1731624571472808301, 
-0.1839551329612732, 0.6312085390090942, -0.08080232878564386, -0.15705955559018087, 0.06168367880452333, 1.9238569060576454, 0.019926312140828836, 0.012778652368283083, 0.02435554750263691, 0.015301467850804329, 1.143064042847169, 0.07089256979113741, -0.0039025417412611825, 1.922620415687561, 1731624571582488240, 
0.100169837474823, -0.2918739914894104, 0.005102061943145157, 0.017577138823574662, 0.07883188951117322, 1.930176757372793, 0.023356385755922422, 0.019285511681602613, 0.0282438974827528, 0.02310941182076931, 1.3353544057292652, 0.09081210870119702, -0.003612757758071294, 1.9328434467315674, 1731624571682522525, 
0.35404783487319946, 0.7494871616363525, 0.022999620256619904, 0.2533692662867693, 0.08814544153303158, 1.905504658197674, 0.025529051783527188, 0.026861490377132105, 0.030430741608142853, 0.03074219450354576, 1.5070905470405453, 0.08806266438950436, -0.006588589925003431, 1.8950941562652588, 1731624571772657591, 
-0.030126094818115234, 0.0343395471572876, -0.005457314408851571, 0.0540126357679663, 0.10449953857289188, 1.9214431976515496, 0.026328170062001045, 0.03552689306619364, 0.03135652095079422, 0.04062427207827568, 1.6979234264377279, 0.10341493213382313, -0.0076320315824364065, 1.928168535232544, 1731624571872758709, 
-0.2345917820930481, 1.1907246112823486, 0.04295339670349537, -0.14240102378045133, 0.11646176308857732, 1.9242276218976562, 0.025287499809512153, 0.04646734053899641, 0.029797445982694626, 0.053640417754650116, 1.9108915603261436, 0.12198993583564365, -0.01390632022725985, 1.9254025220870972, 1731624571983454835, 
0.1051742434501648, 0.38169825077056885, -0.01397130784197935, 0.02646332461289869, 0.11791040713666041, 1.9331403340240567, 0.021812149623390977, 0.05804417768500116, 0.025670837610960007, 0.06469543278217316, 2.099573202971007, 0.12233341139941867, -0.00604014360839262, 1.9369010925292969, 1731624572082469478, 
0.7564540505409241, -0.09117984771728516, -0.3396577012981165, 0.42078258785459166, 0.12843912692846837, 1.9342773461396876, 0.016402629744709334, 0.06811138488044535, 0.019681479781866074, 0.07460281997919083, 2.2732356976292882, 0.12461826234340788, -0.004627615607811515, 1.934757113456726, 1731624572172602245, 
0.12581247091293335, -0.26014041900634766, -0.19030297075516575, 0.16022620123778017, 0.15431004544679164, 1.8974490953585907, 0.008803511252809466, 0.07747568899980531, 0.009961314499378204, 0.08513598889112473, 2.461899194464179, 0.14643788689135873, 0.004088283984360866, 1.8819092512130737, 1731624572272766709, 
-0.21778786182403564, -0.23320496082305908, 0.06931275443507871, -0.03878436057543459, 0.15881290575241133, 1.8952882813988638, -0.002684400951644791, 0.08715116225845226, -0.0032742090988904238, 0.09464684128761292, 2.6736946869332936, 0.1547316257368123, 0.004081433301194559, 1.894376516342163, 1731624572383832960, 
0.25557011365890503, -0.03986942768096924, -0.14833177304188963, 0.048989472085898635, 0.16422875022612596, 1.9339347534353688, -0.016758243412804855, 0.09501945810106714, -0.017712684348225594, 0.10071094334125519, 2.866122513284434, 0.16662465740688281, 0.005027981487773261, 1.9502418041229248, 1731624572482477392, 
0.16725891828536987, -0.09049832820892334, -0.16259415113051018, 0.020796347254923415, 0.17365600064043415, 1.8956475987795076, -0.03210571681643437, 0.10006516944559846, -0.032507915049791336, 0.10411884635686874, 3.033864490581097, 0.17094410844607388, -0.000967048578980547, 1.879492163658142, 1731624572572478255, 
0.7065131664276123, -0.2259318232536316, -0.5442236217785855, -0.035548803895898234, 0.19094991681072812, 1.963794857471067, -0.04887744407858783, 0.10213204171484411, -0.05046277865767479, 0.10552214086055756, -3.0531847296655634, 0.18610820965763716, -0.005245941495266153, 1.9925498962402344, 1731624572672568008, 
-0.34881865978240967, 0.07608640193939209, 0.08090465483260767, 0.021269312813407163, 0.2046347907883346, 1.8564242339130193, -0.06707021850296425, 0.10094227775496355, -0.07111412286758423, 0.10254368185997009, -2.8497736454012674, 0.19605368060455058, -0.0004657246231371708, 1.811118721961975, 1731624572782732274, 
-0.17381489276885986, 0.18653333187103271, 0.13282705746815765, 0.0632842796712036, 0.1865730326444906, 1.9015628120463093, -0.08654855444134689, 0.09580242456395714, -0.08903148025274277, 0.0963207334280014, -2.661705035241714, 0.18336167997610553, 0.0007725042555518829, 1.9206092357635498, 1731624572882475716, 
0.5511184334754944, 0.41991889476776123, -0.2769180347090578, -0.204169968853155, 0.20245208690742436, 1.9143517279388989, -0.10394997468441024, 0.08750782198984143, -0.10481376945972443, 0.08743538707494736, -2.4882774151462947, 0.20860223066665204, -0.008283163910201731, 1.919748067855835, 1731624572972494718, 
-0.5855953097343445, -0.31339412927627563, 0.20990360697631966, 0.2276912638804662, 0.2192111437873723, 1.8970476166119448, -0.12039903556712295, 0.07547895516692442, -0.12189410626888275, 0.07355818152427673, -2.3004559170031316, 0.22073376720684534, -0.004870766777468007, 1.889746069908142, 1731624573073177298, 
-1.2953051328659058, 0.8008074760437012, 0.5283439380833578, 0.8519448132843368, 0.2008641513727981, 1.8959628097601942, -0.13637122228579673, 0.05842918175183645, -0.1368585228919983, 0.05539415404200554, -2.0924008154611657, 0.21565770716286195, -0.004235026541913477, 1.8955050706863403, 1731624573182682037, 
0.5887861847877502, -0.2221968173980713, -0.041954519239632435, -0.10935961018966203, 0.19561875656538977, 1.876868693164321, -0.14831862433594595, 0.039306305987650024, -0.14687633514404297, 0.03644011542201042, -1.9028637938604291, 0.22027084510745085, -0.005146870663815469, 1.868811845779419, 1731624573282465260, 
-0.16199100017547607, 0.22969001531600952, 0.014187467214196508, 0.07753603327787426, 0.23586937554672216, 1.8213752648867947, -0.15596740443798654, 0.01974196548196158, -0.1536191701889038, 0.0156848281621933, -1.7422313435409584, 0.2505600050588104, -0.01539490500962324, 1.797959566116333, 1731624573373490411, 
-0.876623272895813, 0.39746546745300293, 0.0008620571467211593, 0.6396524350541858, 0.23229965866414146, 1.7619313402426584, -0.160506309671587, -0.004343311362085016, -0.1564953327178955, -0.007875547744333744, -1.5748787843378533, 0.24179073449325159, -0.0020702038814790595, 1.7368487119674683, 1731624573472548894, 
0.5424426794052124, 0.2189825177192688, 0.03375072802324743, -0.18899203236124265, 0.23020654223885664, 1.806354291289032, -0.16056493782274045, -0.029041051314263485, -0.15563511848449707, -0.03394615650177002, -1.3775532750046664, 0.24485922332003549, 0.0001843291884368839, 1.8250987529754639, 1731624573582524961, 
-0.7280132174491882, 0.2970723509788513, -0.15748217321585947, 0.42669697444276655, 0.24571566598680897, 1.7165023101054828, -0.15650944465331262, -0.052418187485197984, -0.14954693615436554, -0.05808776617050171, -1.2065499934210437, 0.253016537878557, 0.008019106938275808, 1.6785888671875, 1731624573682537911, 
-0.20063239336013794, 0.17643243074417114, -0.13810193374898644, 0.23874701859099323, 0.23261084706629379, 1.6976606019562595, -0.14767765632676114, -0.07653171398332187, -0.14082221686840057, -0.07879818230867386, -1.0537222380466773, 0.24378521998486938, -0.00912125550197358, 1.689710259437561, 1731624573773491785, 
-0.19227582216262817, 0.10077047348022461, -0.13825152925834786, 0.16695395387068732, 0.23819275561137934, 1.637127144211268, -0.13545480426358122, -0.09783679977268102, -0.12782597541809082, -0.10035159438848495, -0.8880547107116132, 0.25133950583139786, -0.003314264344050138, 1.6115847826004028, 1731624573873186666, 
-0.34382307529449463, -0.004154026508331299, -0.2306562750004285, 0.20086257800402343, 0.24076828865924366, 1.6131636445145072, -0.1196109152728174, -0.11710716579879336, -0.10949014872312546, -0.12141124159097672, -0.7121283876523626, 0.2521929196166147, -0.0031250149993469045, 1.6030521392822266, 1731624573982773426, 
-0.29392969608306885, -0.01652318239212036, -0.2524772734333312, 0.15674286704955329, 0.2409891223162808, 1.602731118121811, -0.10055149658787643, -0.1338186325502834, -0.09009343385696411, -0.13748647272586823, -0.5529388814683058, 0.2538335821267384, -0.0038902556515813197, 1.5983290672302246, 1731624574082471708, 
-0.7607841491699219, 0.18921184539794922, -0.5737378428893759, 0.24242932982146848, 0.2371124888409608, 1.496704800295334, -0.07886268498753335, -0.14743810616942768, -0.0702221468091011, -0.1493104249238968, -0.41269636352841355, 0.2524439854098329, 0.0024631114898225103, 1.4519665241241455, 1731624574172497350, 
0.5507848858833313, 0.5741410851478577, 0.19658539983219142, -0.05018778440683436, 0.24241178943596847, 1.5004834147493156, -0.05545788660905878, -0.1573691388861268, -0.04219222441315651, -0.16027173399925232, -0.23649548055547914, 0.25954890615390497, 0.0006633464052801105, 1.5020778179168701, 1731624574289287773, 
-0.46707385778427124, 0.5048547983169556, -0.26684495074401093, 0.026633636133450815, 0.25631473958712614, 1.5106770428914866, -0.0316330872109256, -0.16351746313824353, -0.01760951243340969, -0.16530582308769226, -0.08942845246564346, 0.2600751152260909, -0.0036828930192091495, 1.514978289604187, 1731624574386523677, 
-0.08054733276367188, 0.6536253690719604, -0.13589740912139028, -0.00678987743109317, 0.25032225769387845, 1.471193734481167, -0.0054432017389018155, -0.16616370807427236, 0.005886873230338097, -0.16647368669509888, 0.044152039207136416, 0.2572770281500293, -0.0002307229758166978, 1.454533576965332, 1731624574478539573, 
0.02236706018447876, 0.8090978264808655, -0.024106749813262097, -0.004782249727135736, 0.2479158501610755, 1.4426213594564126, 0.019875848835403873, -0.16490904392451342, 0.030752522870898247, -0.16432982683181763, 0.18426571299442876, 0.25110288035706474, -0.00033907552283865604, 1.4305651187896729, 1731624574577519075, 
-0.6757394075393677, 0.4546588659286499, -0.45479308596498114, -0.16054854946378624, 0.2516208874914811, 1.4250880557216543, 0.04506556491683189, -0.16000522193370198, 0.0547274574637413, -0.1591739058494568, 0.3207168862256272, 0.26047919611457726, 0.0012098687589143981, 1.4176898002624512, 1731624574672921541, 
-0.0812196135520935, 0.5514436960220337, -0.1772814520852711, -0.09245468676102364, 0.24390673926320414, 1.3976768319415904, 0.07004873232272667, -0.15124486417855587, 0.08196563273668289, -0.14879845082759857, 0.47380322210044246, 0.2570909125061225, 0.0013780172394718413, 1.386110544204712, 1731624574783130377, 
0.07822960615158081, 0.20972037315368652, -0.0033260529464489495, -0.002367444997564352, 0.2549238029911233, 1.3530288355488496, 0.09261098200946799, -0.1395293522634532, 0.10509012639522552, -0.13587938249111176, 0.6084980154400335, 0.26529242870713804, 0.0007595911648912485, 1.3341894149780273, 1731624574882500365, 
-0.03336179256439209, 0.2993372678756714, -0.01784787105872859, -0.016732035058250206, 0.27551883925921516, 1.3351220110547608, 0.11414778665506996, -0.12426599594534739, 0.12482940405607224, -0.12132617831230164, 0.7291610708743965, 0.2846359474275409, -0.000933068554746758, 1.327566146850586, 1731624574972503554, 
-0.32246583700180054, 0.014450371265411377, -0.14811591817458708, -0.18122616297046654, 0.26394061901608024, 1.3100667872226008, 0.13418262054985258, -0.10549829448245847, 0.14764606952667236, -0.09914499521255493, 0.8856739485855195, 0.26296673931375397, 0.0019168324338676072, 1.2994946241378784, 1731624575092915937, 
0.9097933769226074, 0.2446996569633484, 0.30037042445354717, 0.4848929487362766, 0.2709519244755699, 1.3003524503816382, 0.15096567605715866, -0.08488324000213396, 0.16252140700817108, -0.07985258102416992, 1.0024815433689223, 0.2727404090608199, 0.002904640393299748, 1.2962534427642822, 1731624575182497713, 
0.10354959964752197, 0.09010583162307739, 0.09974160271471559, 0.2202165653402008, 0.2823589948604928, 1.2833967776528106, 0.16441547240853283, -0.06306552987678718, 0.17659755051136017, -0.05620031803846359, 1.1294407034644038, 0.2676554550724962, -0.0011906911829291337, 1.2762422561645508, 1731624575282495397, 
-0.6677353382110596, 0.4138987064361572, -0.11664498314913567, -0.38044353607074277, 0.2768454623725245, 1.2701463935321813, 0.17593281053489235, -0.037701760169818306, 0.18638819456100464, -0.03446803614497185, 1.244881028556104, 0.27310807813029886, 0.0009694072301952553, 1.2645553350448608, 1731624575372583940, 
-0.016433656215667725, -0.22224026918411255, -0.022058926021499937, -0.12751653972671836, 0.2700228751233629, 1.2510691776748943, 0.1843793683650597, -0.010271402302182176, 0.19529195129871368, -0.004459879826754332, 1.3871161458798205, 0.28022121185901, 0.002374600633281283, 1.243019461631775, 1731624575487651182, 
0.054723918437957764, 0.09819662570953369, 6.859148617866688e-06, 0.00014198700716011137, 0.2676848468003563, 1.2016760587103101, 0.18903268236892445, 0.016599750930503025, 0.1993078887462616, 0.021319717168807983, 1.5027266525978644, 0.27037332224866933, 0.001368167346332757, 1.180834412574768, 1731624575582982885, 
0.64995938539505, -0.14310288429260254, -0.03264756470037528, 0.4559304620256441, 0.2801359530265077, 1.1919023946798275, 0.1902822969222277, 0.04324296013668352, 0.20059621334075928, 0.04938974976539612, 1.622416272170891, 0.27911479927478205, -0.002261913727333013, 1.187778353691101, 1731624575683030364, 
-0.3640522360801697, 0.3527682423591614, 0.02285984723226473, -0.11836199643381734, 0.28840201475656707, 1.1945403440878086, 0.1883380797248931, 0.07039986871576537, 0.19832253456115723, 0.07457465678453445, 1.7299750455878782, 0.2805523172745082, 7.1429060138515e-05, 1.1956534385681152, 1731624575772528905, 
0.5042670369148254, 0.2201523780822754, -0.09702984261612657, 0.30362924015556897, 0.2810908299961702, 1.172499107328062, 0.18289501440628142, 0.098319937469338, 0.19168347120285034, 0.10615436732769012, 1.8661727093077278, 0.277074007033395, 0.004592786927699206, 1.163198709487915, 1731624575888858995, 
-0.19289427995681763, 0.593022882938385, 0.016953446119071493, -0.03744409796967156, 0.2965713801786366, 1.139143716180839, 0.1744133229717462, 0.124908779791817, 0.1829196661710739, 0.13198430836200714, 1.9722627488773892, 0.29459794153683233, 0.002450468941241971, 1.125069260597229, 1731624575982496090, 
0.25469207763671875, -0.006821334362030029, -0.08565162692036772, 0.1431937562260224, 0.2932637027670746, 1.1389711765249946, 0.1622593347806075, 0.15168969214399927, 0.17084453999996185, 0.15845467150211334, 2.087425269469466, 0.290755031678581, 0.0005524846903860827, 1.1388983726501465, 1731624576083508035, 
-0.5753408670425415, -0.015192866325378418, 0.21516089165216185, -0.28228076828871457, 0.3092563785825277, 1.0991890644191091, 0.14691536172449618, 0.17747187695185382, 0.15613827109336853, 0.18233650922775269, 2.1855982613659375, 0.3161067749807042, 0.00205503225570434, 1.0824028253555298, 1731624576172541193, 
0.14768844842910767, 0.15118342638015747, 0.0008966692546944449, -0.0009408707786980398, 0.30274200054191897, 1.1027707242385985, 0.12773174993584055, 0.20265925159681958, 0.13711577653884888, 0.2065747082233429, 2.295332298234302, 0.310095881585429, 0.005423364743085274, 1.104282021522522, 1731624576272962139, 
0.21012532711029053, 0.1099015474319458, -0.1128639563205275, 0.09486274432160863, 0.3128630105129158, 1.1078712076676218, 0.10668904686619943, 0.22474084409248665, 0.11296349763870239, 0.23108510673046112, 2.419579192435401, 0.31514078971358106, 0.006406755153750319, 1.1100233793258667, 1731624576382789984, 
-0.40562528371810913, -0.11279565095901489, 0.2008622139134324, -0.13414839777178805, 0.31086549985213513, 1.0921968404882185, 0.08288346201334032, 0.24477113170609885, 0.08851074427366257, 0.2509806454181671, 2.5277650081749177, 0.3091449903210501, 0.003507604006858973, 1.085582971572876, 1731624576483513348, 
0.056309521198272705, 0.17893379926681519, 0.028314769667089082, -0.014782396048655715, 0.30788683536056477, 1.0557078915377034, 0.0565385543119222, 0.26238343775776013, 0.06468435376882553, 0.2662722170352936, 2.623459876197695, 0.3139284783169254, 0.007513613555992249, 1.0403112173080444, 1731624576573345097, 
0.03151923418045044, 0.0023612380027770996, -0.011884641568550864, 0.004679644192531898, 0.3150741225625981, 1.0667923075432408, 0.02892022515224707, 0.27681822000268247, 0.03640704229474068, 0.2808073163032532, 2.7318586990161604, 0.31883057350111665, 0.006144925175740966, 1.0714694261550903, 1731624576672712354, 
-0.21916711330413818, 0.48383980989456177, 0.14484472535456036, -0.03986486441364646, 0.3221347634754332, 1.0634095320179797, -0.0008159394107608961, 0.2885599016973792, 0.003616101574152708, 0.29340723156929016, 2.847629238605353, 0.3267994898113052, 0.007017664156930763, 1.0619821548461914, 1731624576782519228, 
-0.24703651666641235, 0.15915840864181519, 0.21530556972208323, -0.03499785122698955, 0.323304974718028, 1.0893355572678631, -0.03260712879835267, 0.29734947593523803, -0.026897193863987923, 0.3013380169868469, 2.9521417723060024, 0.331048449840546, 0.0038320405849107137, 1.1002751588821411, 1731624576879514306, 
-0.4475786089897156, 0.2507469058036804, 0.37876182152528703, -0.02103355579390421, 0.3111086880326701, 1.0118703452497555, -0.06512588165164741, 0.302673528618252, -0.05659129098057747, 0.30585166811943054, 3.0463511901626275, 0.31736204843572446, 0.007598181383750432, 0.979183554649353, 1731624576972769932, 
0.13062357902526855, -0.16523665189743042, 0.02043987853336359, 0.0009304088685128641, 0.3110820890227224, 1.006568575044268, -0.09728797201366543, 0.3044866618956065, -0.08886226266622543, 0.3077404797077179, -3.1346147069126977, 0.3221214362048448, 0.006498903993757327, 1.0043314695358276, 1731624577073181718, 
-0.286416232585907, 0.07435977458953857, 0.2051284286116548, 0.030045373264082662, 0.3211263827108765, 0.9897921216126878, -0.12912504237772468, 0.30308106644175525, -0.12515069544315338, 0.30604100227355957, -3.025950171267685, 0.32877157786474603, 0.004207879948037242, 0.9827132225036621, 1731624577182787667, 
-0.11800551414489746, -0.24292445182800293, 0.14015034256702613, 0.034814048101098796, 0.312809087472349, 0.9675353100818591, -0.16133126857920765, 0.2983785921435999, -0.15665432810783386, 0.3013306260108948, -2.929728964514069, 0.31717199858132733, 0.002827261294030649, 0.958143949508667, 1731624577281413109, 
0.006302058696746826, 0.5230991840362549, 0.03611646337439224, 0.012782296418719906, 0.3133584877887326, 0.9659056499163916, -0.19216319227694464, 0.2907341764099795, -0.1858159303665161, 0.2939717173576355, -2.8393606774533695, 0.31821418206936386, 0.002619599682809508, 0.9652180075645447, 1731624577373266606, 
0.36551666259765625, 0.2826054096221924, -0.2226602599868002, -0.10395234565683677, 0.3243105901109271, 0.9668056282258922, -0.2219225096717131, 0.2801950434937186, -0.2224186211824417, 0.2807898223400116, -2.7225048322598724, 0.3266435296031958, 0.005298067940508448, 0.967185378074646, 1731624577491318803, 
-0.49279820919036865, 0.22811836004257202, 0.23570814302420853, 0.1389791192227074, 0.33238971699352426, 0.9498407370802243, -0.25133292345168107, 0.2664967428993607, -0.24981828033924103, 0.26769065856933594, -2.6352044216922548, 0.3325578374784395, 0.003385680660185827, 0.9426823258399963, 1731624577582896327, 
-0.13806593418121338, 0.02407228946685791, 0.1441293623387199, 0.10457039669977185, 0.3317798083734348, 0.9478846942800168, -0.280837537685061, 0.24914030534605322, -0.2782224416732788, 0.2509963810443878, -2.5424932962780424, 0.3417294480608535, 0.002340758703709168, 0.9470593333244324, 1731624577681860083, 
-0.025967717170715332, -0.1972687840461731, 0.05322644098308339, 0.04683379130316713, 0.338977685403118, 0.9277849928250701, -0.3084406371762055, 0.2291505720808995, -0.3028734624385834, 0.23317335546016693, -2.456618582032862, 0.3480326996088622, 0.004837781382901253, 0.919303834438324, 1731624577772534208, 
0.6514921188354492, 0.09238547086715698, -0.29974479037466695, -0.3180270356169256, 0.3384726271445238, 0.9421945534636098, -0.3335503191861442, 0.20699830551002607, -0.3322712182998657, 0.20726993680000305, -2.3456988528553593, 0.33429131961469344, 0.005181690319695745, 0.9482747316360474, 1731624577891924811, 
0.22953909635543823, 0.08043885231018066, -0.17890217080669152, -0.22928543889287875, 0.34744116056340135, 0.9186328396857613, -0.35587239012807376, 0.1832543999719531, -0.3533218801021576, 0.18466605246067047, -2.2616834941453443, 0.3348264243303743, 0.0031902956643290637, 0.908690869808197, 1731624577983817573, 
-0.5296193957328796, -0.4859834909439087, 0.15495190468172118, 0.2406758430419872, 0.34780100831107325, 0.8879654529407127, -0.37699778594237515, 0.1562030299829287, -0.3737901449203491, 0.15867437422275543, -2.1748276236303714, 0.3436132532878635, 0.0015364809008868616, 0.87502521276474, 1731624578081980979, 
-0.18657416105270386, 0.19075238704681396, 0.10061991382041513, 0.19124368671653305, 0.3269850620762402, 0.8615617109342601, -0.39595539760919285, 0.12676708007558354, -0.3903534412384033, 0.13310471177101135, -2.0972264236179026, 0.32931069045790956, -0.00030432560213236386, 0.8504205346107483, 1731624578173123717, 
-0.062390029430389404, 0.09715032577514648, 0.041888309095925, 0.0992668330612145, 0.33603953882111154, 0.834842594205761, -0.41174343008061626, 0.09683832204528202, -0.4067382514476776, 0.10306057333946228, -2.0120224702786906, 0.34745989271853633, 0.005429845740460261, 0.8235683441162109, 1731624578273261012, 
-0.389859676361084, 0.2895923852920532, 0.094638557449183, 0.29100214337491626, 0.33283901521349857, 0.8679204370973791, -0.42506486044726677, 0.0653490464733822, -0.4214561879634857, 0.06890054047107697, -1.9164501982728719, 0.3387397348932268, 0.002763962820384839, 0.8818777799606323, 1731624578382530455, 
-0.5824887752532959, 0.16472744941711426, 0.11263893282723839, 0.48730835209510703, 0.32532608558480486, 0.8792853512036873, -0.4357907160080963, 0.03254123213114391, -0.43206724524497986, 0.037032656371593475, -1.8291362950742953, 0.3376987078197345, 0.001121073702943704, 0.8840808272361755, 1731624578482522496, 
-0.05651354789733887, 0.7084292769432068, 0.026346352907562532, 0.18590945760240898, 0.3271360620286534, 0.8425168988459455, -0.44355813842581704, -0.0008498834011037388, -0.439229816198349, 0.006825730204582214, -1.754205816175043, 0.3446683454117906, 0.0027775513894972076, 0.8270022869110107, 1731624578572617453, 
0.15480732917785645, 0.10871332883834839, -0.003024884556975468, -0.05321321739251622, 0.3321290293808476, 0.8364358987230234, -0.4482544472288945, -0.033901232534226736, -0.4445638656616211, -0.026457346975803375, -1.6717847807191146, 0.3388316611495355, 0.0027547398803678615, 0.833869993686676, 1731624578672809061, 
-0.40109390020370483, 0.8108125329017639, -0.007046557878659189, 0.2660244531414041, 0.34073855584454793, 0.8274800037533987, -0.4502076206504852, -0.06762946762544293, -0.44702285528182983, -0.06408658623695374, -1.581163759882018, 0.34649061696590994, 0.004527719398447842, 0.823701024055481, 1731624578782626655, 
0.3543817400932312, 0.2972891330718994, 0.018571728414127443, -0.16930734120306545, 0.3365363234613196, 0.8280819897675619, -0.4492873016291401, -0.10203808580882326, -0.44640421867370605, -0.09827154129743576, -1.4970499086439146, 0.33999243575469257, 0.003086145091911983, 0.8283360004425049, 1731624578882529972, 
0.06733709573745728, 0.2952326536178589, 0.01863156440962188, -0.09603196935977629, 0.3432899906636542, 0.8178820420853941, -0.4456460050104596, -0.13515937029867778, -0.4433213174343109, -0.1291525661945343, -1.4233549984660463, 0.33995711734066886, -0.0008498837427773072, 0.8135781288146973, 1731624578972686999, 
0.4950202703475952, 0.10099846124649048, 0.10149128811535163, -0.36315277523945744, 0.35377229696116386, 0.796506985735107, -0.43914946064884225, -0.16851118762924597, -0.4371337592601776, -0.16312077641487122, -1.3445389045616003, 0.35024470816168823, 0.0055110674891452605, 0.7874876856803894, 1731624579073183566, 
0.07001608610153198, -0.41839146614074707, 0.05540539825451838, -0.1510759742466932, 0.36149939701236544, 0.7808149631963383, -0.4298650657096928, -0.20164799877335923, -0.4271504282951355, -0.2004205733537674, -1.2574172594536854, 0.35184259423780717, 0.004487786571857314, 0.7741936445236206, 1731624579182519681, 
-0.27098751068115234, 0.09759521484375, -0.059538767300352846, 0.1299469787813738, 0.3552174893746875, 0.7818496821088503, -0.41759584307752273, -0.23509266363854672, -0.4153910279273987, -0.233046755194664, -1.1803287744270279, 0.34996177884700813, 0.00446710656597894, 0.7822862863540649, 1731624579282532487, 
-0.2569549083709717, 0.10787844657897949, -0.10849631605957227, 0.1948455048469814, 0.349034373195133, 0.7879027655791937, -0.4026292262885863, -0.26780239749269696, -0.4026123583316803, -0.26177042722702026, -1.109352309442263, 0.3535433769397359, 0.004586980803462921, 0.7904568910598755, 1731624579372696186, 
-0.05336284637451172, -0.17812961339950562, -0.057272002033939284, 0.08628932611388007, 0.3454423237503108, 0.7664828910300612, -0.38535899734390633, -0.2988484824365658, -0.38607072830200195, -0.29244348406791687, -1.0316101771298352, 0.3516802933730627, 0.006223458691982216, 0.7574446797370911, 1731624579472656193, 
-0.35278743505477905, -0.3968237638473511, -0.1715000041008789, 0.2197538030961857, 0.3371546710967453, 0.7683341304716322, -0.3660915778455633, -0.3279113131169033, -0.36531949043273926, -0.32470574975013733, -0.9461927057769952, 0.3404231652979244, 2.9221398725536204e-05, 0.7691152691841125, 1731624579583731774, 
0.3051745295524597, -0.2633900046348572, 0.08903286597551018, -0.09757722541319863, 0.3436578507076948, 0.7712453084174395, -0.34481270060181796, -0.35519399492321135, -0.3442048132419586, -0.3523927330970764, -0.8708902889342631, 0.35250084513456503, 0.002714920765001166, 0.7724736928939819, 1731624579682540926, 
-0.6319581866264343, 0.5199667811393738, -0.2950010317394031, 0.2777606348000706, 0.3428791929654603, 0.7409607721308242, -0.32157325670638, -0.38070583527261187, -0.3230838179588318, -0.3759797513484955, -0.8051562677599422, 0.3443471415222088, 0.00839383540387329, 0.7281820774078369, 1731624579772705637, 
-0.16025853157043457, 0.893257737159729, -0.18077531158920862, 0.1464477293369692, 0.3382648723224073, 0.7489232805055882, -0.29570562779939824, -0.4051070358916512, -0.2977336347103119, -0.40076103806495667, -0.7277377089873185, 0.35101177027034614, 0.005809258826978205, 0.7522830963134766, 1731624579873387304, 
0.25182992219924927, 0.9442868828773499, 0.08895772439351779, -0.06172845001823417, 0.34898791202285667, 0.7336830060954695, -0.2686831622295122, -0.4270180703754257, -0.26779672503471375, -0.42571693658828735, -0.6460124556388533, 0.3586236058846929, 0.0029657178245138895, 0.7272523045539856, 1731624579982538594, 
0.4687398076057434, 0.4395231008529663, 0.3112708562103246, -0.18418101511943713, 0.3587056204646765, 0.7089902042407095, -0.2403197293383513, -0.4466716042810835, -0.2384672909975052, -0.4464413523674011, -0.5756694232240622, 0.3547701021998045, 0.0038681655876483447, 0.698570966720581, 1731624580082535755, 
-0.11377662420272827, -1.197522759437561, 0.02430187879520272, -0.012102845291986044, 0.36635452038410615, 0.7406744077716008, -0.21008287991402205, -0.4645530122610824, -0.21115730702877045, -0.4632039964199066, -0.5082897571935308, 0.35893264864146157, 0.0048730065373560815, 0.754043698310852, 1731624580172708635, 
0.6422276496887207, -0.17133688926696777, 0.4252034234035369, -0.17420743891015578, 0.363194863774056, 0.7205798510150937, -0.17801777749961767, -0.48047364853211094, -0.17318566143512726, -0.48245134949684143, -0.4206869921519786, 0.354804991471866, 0.007719937753911085, 0.7121008634567261, 1731624580293053380, 
-0.08887320756912231, 0.35078155994415283, 0.06995802773379879, -0.02288824260664138, 0.3700439700928137, 0.7345933516891193, -0.14543593969890545, -0.4938031451071402, -0.1438431441783905, -0.4948548674583435, -0.35426265069946866, 0.35887212724801193, 0.004590024184147256, 0.7405064105987549, 1731624580382615113, 
0.660346508026123, 0.4309019446372986, 0.47166184142991285, -0.11718851719790704, 0.3674393357567523, 0.715809434554262, -0.11118290915539195, -0.50496022487717, -0.10981633514165878, -0.5062108635902405, -0.28308651326540973, 0.35760130318019634, 0.0016778307902023458, 0.7078834772109985, 1731624580483092368, 
0.06908869743347168, 1.1458646059036255, 0.1895586346796119, -0.033152635501618295, 0.3675315588841111, 0.6874644012281094, -0.07710305443921359, -0.5133889684279438, -0.07871996611356735, -0.5145570039749146, -0.2205606457612323, 0.351137699289686, 0.0008976673767325139, 0.6755040884017944, 1731624580573679783, 
-0.2265850305557251, 0.771939218044281, -0.1018372454078325, 0.0107599751801985, 0.359866109088282, 0.6668041595402208, -0.041615392235670734, -0.5195858386377038, -0.036692071706056595, -0.5227309465408325, -0.1400965627459349, 0.35257846663335496, 0.002437992766206431, 0.6580864787101746, 1731624580694371859, 
-0.4647122621536255, 0.9348801970481873, -0.3567435791399856, 0.013395778668286862, 0.3620792372804942, 0.691807666507404, -0.004966570818181779, -0.5234935220351867, -0.004853203892707825, -0.5263878703117371, -0.0791373559470604, 0.3708043589478917, 0.006504995999935133, 0.7023580074310303, 1731624580782616163, 
0.8222346305847168, -0.7403963208198547, 0.4720911020702566, 0.01485380811201302, 0.35703205721422604, 0.6871920714789828, 0.03137426954394657, -0.5248299733323231, 0.030891569331288338, -0.5283538699150085, -0.012032853046967414, 0.35857918948350936, 0.0041194340696495794, 0.6852445006370544, 1731624580882604075, 
-0.5476658344268799, 0.12964731454849243, -0.24394455270630347, -0.024253888831977228, 0.36312441211836477, 0.66172515788274, 0.0663100141999991, -0.5237374613389152, 0.06520838290452957, -0.5281545519828796, 0.05109383260752935, 0.3556331296548735, 0.0010731634479250935, 0.6509792804718018, 1731624580978712698, 
1.068073034286499, 1.1465647220611572, 0.6690294810586417, 0.11156535803771947, 0.3585546970227202, 0.6609185032037067, 0.1020210336294259, -0.5201385974956259, 0.0975961983203888, -0.5258755087852478, 0.11188543111719829, 0.3543082946019875, -0.0009403336444899588, 0.6605781316757202, 1731624581068884766, 
-0.3698340058326721, -0.5071340203285217, -0.05744705948891478, -0.013540627006297833, 0.37960292166897236, 0.6645361227918912, 0.13644128364595168, -0.5144004178706855, 0.13760854303836823, -0.5203642249107361, 0.18721387350482502, 0.370010243078679, 0.005453955815009246, 0.666062593460083, 1731624581182748223, 
0.37067198753356934, -0.16323894262313843, 0.23229688655781794, 0.07132479007978036, 0.36720178447874985, 0.663816439799424, 0.17271567158566362, -0.505818911969683, 0.15521037578582764, -0.516808032989502, 0.22028009518437183, 0.36033311039875865, 0.004374184398601477, 0.6635127663612366, 1731624581232581488, 
-0.3428897261619568, -0.09752994775772095, -0.1580707641132697, -0.06026464905408907, 0.3628599567066531, 0.6627216495338314, 0.2072046926964836, -0.49522715542435103, 0.2037927359342575, -0.5039242506027222, 0.3155157599866955, 0.35644909564080224, 0.004649438016951492, 0.6622596979141235, 1731624581373560241, 
-0.4068461060523987, 0.9615784287452698, -0.3055558832376091, -0.14012182731865935, 0.35725196352285693, 0.6497865132567168, 0.24177593889619092, -0.482074533141519, 0.23789073526859283, -0.4918115735054016, 0.38113975444335696, 0.3642963077770444, 0.0030492169288179037, 0.6443284749984741, 1731624581473084844, 
0.03097480535507202, -0.6443992853164673, -0.06842303781118321, -0.036987229692441816, 0.3520660717403408, 0.6646528285835405, 0.27502048797583006, -0.4668440253722956, 0.2737467586994171, -0.47620394825935364, 0.45542268076074677, 0.3604926125934806, 0.005118127102060273, 0.6709257364273071, 1731624581582566395, 
0.623915433883667, -0.7077709436416626, 0.35170019464500013, 0.22149222008083544, 0.355383085005706, 0.6643866081840119, 0.3057984126716678, -0.450178844780242, 0.3052998185157776, -0.45980820059776306, 0.5228150930768175, 0.3532982544940333, 0.002008276630831656, 0.664274275302887, 1731624581682614384, 
0.36452269554138184, -0.6504234075546265, 0.3070164772197696, 0.22286824435153732, 0.363541884256757, 0.6512028861295898, 0.3347052225961759, -0.4319313055901928, 0.33236634731292725, -0.44328969717025757, 0.580670283134928, 0.3499815283865151, 0.0038798799902389058, 0.645639955997467, 1731624581772630841, 
0.05363726615905762, 0.8478427529335022, 0.11538440617870131, 0.09582384753055603, 0.3609759023491818, 0.6516803891045163, 0.3629837653344607, -0.4113667949311951, 0.3660444915294647, -0.41996827721595764, 0.6536572175989741, 0.3470717470497474, 0.004098995106126572, 0.6518818736076355, 1731624581888652237, 
-0.34214937686920166, -0.4251985549926758, -0.14248265721088268, -0.13477655122580962, 0.3623205547782761, 0.6373300209955252, 0.39068193912757104, -0.38837748169716424, 0.39358049631118774, -0.3979012370109558, 0.7177166515690153, 0.36131242912709055, 0.0027522671129608274, 0.6312748193740845, 1731624581987734974, 
-0.08390390872955322, -0.22423994541168213, -0.07973708685959391, -0.08581204907907089, 0.3522816602214218, 0.6547034693688221, 0.4172212183797605, -0.36328050405654394, 0.4170610010623932, -0.3765324056148529, 0.7774749618979775, 0.3552291735890646, 0.005036270169960854, 0.662034273147583, 1731624582077659160, 
0.28882133960723877, -0.05661439895629883, 0.1063689290634131, 0.13056668256762471, 0.3561830570570786, 0.6458255919795125, 0.44138013594387854, -0.33727598155026695, 0.44190651178359985, -0.3510936200618744, 0.841079627075453, 0.3588455086604089, 0.004844106752059619, 0.6420795321464539, 1731624582177565721, 
-0.09917789697647095, 1.4956867694854736, -0.011514836803481594, -0.016129731778640716, 0.3618037782766161, 0.6234013943635692, 0.46374213319185564, -0.3098287380606393, 0.46295517683029175, -0.3268674314022064, 0.8981789113303605, 0.35965867354818926, 0.0014227252007073395, 0.6139394044876099, 1731624582267572982, 
-0.06038260459899902, 0.20147430896759033, -0.02557233555033174, -0.04107044370249804, 0.35512734156177794, 0.6409863402716173, 0.48466924600570527, -0.2805090089335711, 0.48748207092285156, -0.2944875657558441, 0.9715206339324892, 0.35354281086788053, 0.00015454989234308771, 0.6484063863754272, 1731624582382774817, 
-0.23392397165298462, 0.09839898347854614, -0.08451957407960059, -0.15756179835062756, 0.3526085727120457, 0.6515847677528411, 0.5035956350864642, -0.250135119415252, 0.5066372156143188, -0.26482242345809937, 1.036888943728919, 0.35536964215251865, 0.0036593246989309516, 0.656056821346283, 1731624582482560796, 
0.04389035701751709, -1.1249195337295532, -0.009138391985230688, -0.020016006499251598, 0.3596851012659837, 0.6257339504640356, 0.5206729120133381, -0.21833483560245062, 0.522225558757782, -0.23739399015903473, 1.0923888676019542, 0.3680405841872233, 0.0039019740478466966, 0.6148260831832886, 1731624582572567954, 
0.059267520904541016, 0.31279700994491577, 0.012563629056286604, 0.032789482594979, 0.3556310706551051, 0.6212774322500456, 0.5355408348045558, -0.18575419252377356, 0.5403779745101929, -0.2004573494195938, 1.1637313380505696, 0.3540692502316987, 0.0057386750567778415, 0.619396984577179, 1731624582688884077, 
0.7265982627868652, -0.34956562519073486, 0.15534099902039009, 0.49759249063089167, 0.3626277616197344, 0.649240171473115, 0.5480511566646861, -0.15301645599914052, 0.5528782606124878, -0.16938838362693787, 1.225497675606826, 0.35744003059973417, 0.005529698989752905, 0.6610391736030579, 1731624582782659312, 
-0.6902466416358948, 0.13554102182388306, -0.07750946574800327, -0.32174867661302947, 0.36261652412216455, 0.6795184318439993, 0.5585545638122168, -0.1193841992777415, 0.5640854239463806, -0.13594810664653778, 1.2923947351209353, 0.3523414786759106, 0.001125381922641333, 0.6922944784164429, 1731624582882705583, 
-0.19032448530197144, 0.5694440007209778, -0.03873269392284648, -0.22864493101428715, 0.34881174596818576, 0.6946048630160166, 0.5672196238594567, -0.08347790390199727, 0.5720624327659607, -0.1048838421702385, 1.3552218245035312, 0.35557339840708585, 0.0032886477504492965, 0.7009706497192383, 1731624582972569602, 
-0.1322331428527832, -1.188267469406128, -0.016035635648080148, -0.16077025257053704, 0.35312937022351454, 0.6693355059637072, 0.573249436632255, -0.048046477399509985, 0.5788993239402771, -0.06952843070030212, 1.4208250606507966, 0.3637419096557068, 0.0068235850898081835, 0.6586729884147644, 1731624583072612512, 
-0.7761865258216858, 1.4440590143203735, -0.019982320589727164, -0.5932529091567439, 0.34416457908192766, 0.6411403750873872, 0.5768846930629604, -0.01202560576495976, 0.5840233564376831, -0.03025030344724655, 1.4915515521352076, 0.35310423532649604, 0.0048578734693118285, 0.6292433142662048, 1731624583183644629, 
-0.36242830753326416, 0.7438868880271912, 0.0135585821397877, -0.43039620468775364, 0.3334677060019327, 0.6659774638724402, 0.5781490155556287, 0.024190867942104306, 0.5860926508903503, 0.005547395441681147, 1.560206450658545, 0.35171379906891165, -0.0029684095264348315, 0.6764575839042664, 1731624583283662966, 
-0.08500832319259644, 0.7693365216255188, 0.018364749172243483, -0.18626153862240885, 0.340239309209978, 0.6704574806505416, 0.5770826556563111, 0.059283076503137286, 0.585615873336792, 0.037565939128398895, 1.620177662089793, 0.3578765841403982, 0.0022006171941693297, 0.6723478436470032, 1731624583372578237, 
0.1907360553741455, -0.6706680059432983, -0.013010133718316838, 0.07767932455681494, 0.34784839969340275, 0.6851572461729897, 0.5736817522017906, 0.09388370450437529, 0.5823594927787781, 0.0790114626288414, 1.6992127151818759, 0.35528627534948604, 0.004820666294816988, 0.6913598775863647, 1731624583489356940, 
-0.17491036653518677, 1.1618231534957886, 0.023091972923994866, -0.0968287600238731, 0.35898233588765777, 0.6768400312417413, 0.5678904128305118, 0.12856825022725177, 0.5772744417190552, 0.11244243383407593, 1.761602061497249, 0.362793763183189, 0.006107290680338985, 0.673330545425415, 1731624583582596822, 
-0.1709226369857788, 1.4333786964416504, 0.04447107280384357, -0.1429791906737345, 0.34791781658365506, 0.670986332204343, 0.5595602933237362, 0.16350899929729845, 0.5698522329330444, 0.14731891453266144, 1.8302005689444183, 0.34813768162664316, -0.0016401413014196725, 0.6685163378715515, 1731624583684574275, 
0.3206758499145508, 1.705129623413086, -0.06543229977051251, 0.16894617203377038, 0.3537606218464033, 0.6914196171097781, 0.5491006342559709, 0.19713498559563708, 0.5608880519866943, 0.17756083607673645, 1.8901375403104472, 0.3579907722691339, 0.0019323050412419908, 0.7000415325164795, 1731624583772703906, 
-0.4792112708091736, -0.019592106342315674, 0.12002357619509235, -0.25652036289661395, 0.3594752972608865, 0.6673077488611449, 0.5363037573232025, 0.23023535718967672, 0.5461819171905518, 0.21742594242095947, 1.9680517109495714, 0.36061249976823356, 0.006902877853709386, 0.6571336388587952, 1731624583890862649, 
0.25931262969970703, -0.45983344316482544, -0.04755513742876726, 0.08621282879515851, 0.3585428665052672, 0.6604153850954684, 0.5208049778568276, 0.26336733527947115, 0.5327016711235046, 0.24736711382865906, 2.028065229323844, 0.3648438498594589, 0.00422780965716745, 0.6575071215629578, 1731624583982585934, 
0.05867499113082886, -0.7580082416534424, -0.038071620165825173, 0.05920663784135305, 0.3580965306808883, 0.6923124549897056, 0.5036691607741369, 0.2944122918894719, 0.5164491534233093, 0.2784006893634796, 2.0966896719685524, 0.35414977029518785, 0.004960070517561583, 0.7057715654373169, 1731624584080708299, 
-0.05990880727767944, -0.46564751863479614, 0.012746871630344126, -0.017080732474752027, 0.35473761069911547, 0.7022697006739885, 0.48446538246780513, 0.3242671436468019, 0.4991735517978668, 0.3066217005252838, 2.1608917359956217, 0.351617346431234, -0.002336830872310505, 0.7064712047576904, 1731624584173802205, 
0.5427443981170654, 1.2679821252822876, -0.2447838417849104, 0.2844469246498594, 0.3567764132201105, 0.6846225364887847, 0.4634465419395668, 0.3523885810043815, 0.478792279958725, 0.33570292592048645, 2.229176167215595, 0.3531029294320694, 0.0006659905650190671, 0.6771762371063232, 1731624584274241446, 
-0.25635671615600586, 0.5668617486953735, 0.048467286279914666, -0.0491510190838081, 0.3681976636609211, 0.6689490654230983, 0.4404975036666642, 0.3790612863857662, 0.4535840153694153, 0.3661590814590454, 2.3013429917129673, 0.36329368737346834, 0.006392718743064789, 0.6623355746269226, 1731624584382790758, 
0.1456659436225891, -0.3643115758895874, -0.06125185543862445, 0.05437322345749733, 0.36101097983431757, 0.657808551650702, 0.41478911663474133, 0.4051150378940249, 0.42947742342948914, 0.39173510670661926, 2.3675891867271806, 0.3588256552835824, 0.006925356281122382, 0.653107762336731, 1731624584481389002, 
0.6938309073448181, 0.6245871186256409, -0.4046783970801308, 0.3136414810846008, 0.3577230410590411, 0.6782413113624113, 0.3885588809408495, 0.42833729756130356, 0.40557119250297546, 0.41405433416366577, 2.431539970126846, 0.347006178274855, -0.002314969239503983, 0.6868630051612854, 1731624584573566947, 
0.23159438371658325, 1.3535854816436768, -0.2611105577680936, 0.17531071148734995, 0.3712544689950664, 0.6838101655810055, 0.36130455055047617, 0.44942365552797936, 0.37220513820648193, 0.4409447908401489, 2.5104995638392666, 0.3581070874453008, -0.0027497803822930343, 0.6861599683761597, 1731624584692258837, 
0.2654581665992737, 0.9946898818016052, -0.24222941616551502, 0.1399328685014951, 0.37357344971644146, 0.6611221232001339, 0.33144066933072636, 0.4694358768584671, 0.34528547525405884, 0.45962172746658325, 2.568959748601792, 0.36179081800359464, 0.0038434238803237374, 0.6515488028526306, 1731624584782603486, 
0.09826099872589111, 0.5871016383171082, -0.13625979232608307, 0.06712237359255975, 0.3743195885911267, 0.6617029030023945, 0.29992126012593284, 0.487618328371153, 0.31473493576049805, 0.47808837890625, 2.635049800958736, 0.3646119529482437, 0.009170200481034868, 0.6619479656219482, 1731624584882138553, 
-0.10243165493011475, -0.4087035655975342, 0.025089644447041332, -0.01031071040311336, 0.36629443357621716, 0.7003365628908717, 0.2669923424493209, 0.5038242618835019, 0.28550246357917786, 0.49377697706222534, 2.6998422907354445, 0.35897610014414577, -0.0034138734033912917, 0.7166382074356079, 1731624584974771592, 
0.05769002437591553, -0.007951438426971436, -0.030834805779059737, 0.01022548373400889, 0.3619630714400422, 0.6925543534492054, 0.23324781258726912, 0.5176846959688752, 0.247202530503273, 0.5103031396865845, 2.779381032319355, 0.3604659521800751, 0.0008804967296318479, 0.6892706155776978, 1731624585091999252, 
0.293881893157959, 0.593869149684906, -0.20946612819955257, 0.05373163282035728, 0.3646616500505809, 0.6890176568340078, 0.19914622642929083, 0.5289775709926519, 0.2155558168888092, 0.5213701725006104, 2.8415035875915646, 0.36191496544697155, 0.0029386779944744665, 0.6875253319740295, 1731624585185004863, 
-0.36760634183883667, -0.6901971697807312, 0.1910914702930803, -0.03532895134537934, 0.37431895395703907, 0.6744565529150889, 0.163773111904346, 0.538069846095896, 0.1814156174659729, 0.5309889316558838, 2.906652906104294, 0.37490283567423394, 0.0025652288065449247, 0.6683124303817749, 1731624585282611388, 
1.2100192308425903, -0.3036442995071411, -0.787754521005293, 0.09107717068002323, 0.3593667813475661, 0.6807310326243851, 0.12808977972588326, 0.5445936510770986, 0.14999228715896606, 0.5379331111907959, 2.9681823388129045, 0.3477382234678029, 0.00045222330183537817, 0.6833785772323608, 1731624585373754379, 
-0.17719554901123047, -0.3565536141395569, -0.11025925296914874, 0.005189688427188227, 0.3814946042365898, 0.6806997382510397, 0.09385072390810287, 0.5485370061875904, 0.10688404738903046, 0.5439558029174805, 3.0484085162176915, 0.3667799601475308, 0.006109453240814907, 0.6806865334510803, 1731624585493176554, 
-0.696996808052063, 0.8066322803497314, 0.45737883634315646, 0.009250622479458686, 0.36667290903254235, 0.661406348289586, 0.056056133206728705, 0.5503292368924972, 0.0741000548005104, 0.5464873313903809, 3.1089694465573112, 0.3635636379875368, 0.00021670920895047074, 0.6532654166221619, 1731624585583574271, 
0.400227427482605, -0.2242511510848999, -0.14524152618478514, -0.012666497101462181, 0.35034180483169847, 0.676256840539697, 0.018983147094961777, 0.5495676663888445, 0.03831148147583008, 0.5467848181724548, -3.107080691511279, 0.3544628669595778, 0.005461587194970739, 0.6825230717658997, 1731624585682592482, 
-0.705854594707489, -0.48183661699295044, 0.44756093637344146, 0.06987000059393499, 0.35997763860282544, 0.6821188188184386, -0.016528155531205877, 0.5465110382827337, 0.00559832900762558, 0.5449687838554382, -3.043755983534378, 0.36609315756191946, 0.00047091503536427864, 0.6845923066139221, 1731624585773667900, 
0.20188862085342407, -0.20109283924102783, -0.007547084452317862, -0.0017167455484571152, 0.34930391308547615, 0.6961192850541971, -0.05291263095573593, 0.5408365604117453, -0.029668385162949562, 0.5404133796691895, -2.9749612719381937, 0.3575676858705299, 0.0020860948711202247, 0.7020268440246582, 1731624585873331273, 
0.34387606382369995, -0.4814664125442505, -0.23371890476492044, -0.0705808364968579, 0.3597059916421117, 0.6962220830073319, -0.08705162689824532, 0.5330638441965697, -0.06835280358791351, 0.5328012704849243, -2.897526709502525, 0.36052169739639445, 0.0011693497395963077, 0.696265459060669, 1731624585983766830, 
0.26094263792037964, 0.11662369966506958, -0.23920837838165676, -0.0907252415370119, 0.3718142914809122, 0.6869203473073506, -0.12097162200535216, 0.5228037131827169, -0.10320797562599182, 0.5230428576469421, -2.8299699011460357, 0.3664758977021469, 0.0038450524295236517, 0.6829954385757446, 1731624586082597279, 
0.15515649318695068, 0.2818574905395508, -0.16785668276681287, -0.07716115907251817, 0.364810043596261, 0.6792190278475854, -0.15453529028059348, 0.5100375195422124, -0.13355283439159393, 0.5125183463096619, -2.769367485856465, 0.35207027215240466, 0.0011821421324285186, 0.6759694218635559, 1731624586173600231, 
-0.011072278022766113, 0.5687800049781799, -0.04121919781205247, -0.022431882760370035, 0.3674314919978045, 0.6694147413691182, -0.18724405291059626, 0.4949926762163426, -0.1740129441022873, 0.49559980630874634, -2.6905208593581342, 0.3626470147825787, 0.0006612236473154967, 0.6652777791023254, 1731624586294188800, 
0.4925682544708252, -0.5613284111022949, -0.30398412539774644, -0.1931076819972358, 0.3629398612374691, 0.6839211528769901, -0.2187869353850971, 0.4777865225753464, -0.2024374008178711, 0.48099321126937866, -2.630184769984074, 0.35478807927516487, 0.003366816281908149, 0.6900421977043152, 1731624586383600774, 
-0.0010327696800231934, 0.7294453382492065, -0.08535085829611778, -0.0627866155154333, 0.3710324404384867, 0.6817406969668326, -0.24871730500654202, 0.4587570813692366, -0.2335013449192047, 0.4622167944908142, -2.561703514288459, 0.3627624498002376, 0.009105122848126436, 0.680820643901825, 1731624586482622035, 
0.320406973361969, 0.04538917541503906, -0.1957640914035658, -0.1659503446108413, 0.37309457913269656, 0.6994234327899297, -0.2781376253836782, 0.4370873663502273, -0.2604454457759857, 0.44370004534721375, -2.4976724059051527, 0.3674412306632337, 0.002518227214546471, 0.7068847417831421, 1731624586573692535, 
0.637130618095398, 0.6021311283111572, -0.3749932572512166, -0.36586967070355336, 0.37548965877458496, 0.6989734071874911, -0.3055422648352973, 0.41379195809815494, -0.2938859462738037, 0.41675737500190735, -2.412282856591102, 0.36203997705437385, 0.006374777248831757, 0.6987835168838501, 1731624586694154553, 
0.16518360376358032, -0.057707130908966064, -0.18038394570743438, -0.20243842875637663, 0.36845016648217443, 0.6981075263878567, -0.33084142161022745, 0.38903484193634086, -0.3174133598804474, 0.39469486474990845, -2.3498059592788962, 0.3469017080652252, 0.001631247980766314, 0.6977421641349792, 1731624586785354806, 
-0.10798317193984985, 0.5232987999916077, -0.002645253404289614, -0.0034218390389849462, 0.36601084003173534, 0.6969229504355006, -0.35475807658057695, 0.3621715372461256, -0.34159162640571594, 0.36823770403862, -2.2802434660195976, 0.35722674995969067, 0.008582004441077776, 0.6964231133460999, 1731624586882599660, 
-0.16992133855819702, 0.9103147983551025, 0.06581973374762316, 0.09824511024665727, 0.3579888067573226, 0.6524461125811001, -0.3770280723748526, 0.3333626247283024, -0.36261993646621704, 0.34294191002845764, -2.2194842345869623, 0.3561089733997565, 0.003390290471888093, 0.6336789131164551, 1731624586974227994, 
